origen_id,tipo_relacion,destino_id
681e3c0c5571c3cd6e0f011f,sincroniza_con,681e3c0d5571c3cd6e0f077b
681e3c0c5571c3cd6e0f0125,sincroniza_con,681e3c0d5571c3cd6e0f04b5
681e3c0c5571c3cd6e0f0129,sincroniza_con,681e3c0c5571c3cd6e0f0178
681e3c0c5571c3cd6e0f0129,sincroniza_con,681e3c0c5571c3cd6e0f0346
681e3c0c5571c3cd6e0f0129,sincroniza_con,681e3c0c5571c3cd6e0f0341
681e3c0c5571c3cd6e0f0175,sincroniza_con,681e3c0d5571c3cd6e0f0677
681e3c0c5571c3cd6e0f0178,sincroniza_con,681e3c0d5571c3cd6e0f08e3
681e3c0c5571c3cd6e0f01b9,sincroniza_con,681e3c0d5571c3cd6e0f08e3
681e3c0c5571c3cd6e0f01e7,sincroniza_con,681e3c0d5571c3cd6e0f0c04
681e3c0c5571c3cd6e0f01e7,sincroniza_con,681e3c0d5571c3cd6e0f05ca
681e3c0c5571c3cd6e0f01e7,sincroniza_con,681e3c0c5571c3cd6e0f0178
681e3c0c5571c3cd6e0f0241,sincroniza_con,681e3c0c5571c3cd6e0f0178
681e3c0c5571c3cd6e0f0293,sincroniza_con,681e3c0c5571c3cd6e0f01b9
681e3c0c5571c3cd6e0f0299,sincroniza_con,681e3c0d5571c3cd6e0f082d
681e3c0c5571c3cd6e0f0299,sincroniza_con,681e3c0c5571c3cd6e0f0241
681e3c0c5571c3cd6e0f029e,sincroniza_con,681e3c0d5571c3cd6e0f056f
681e3c0c5571c3cd6e0f029e,sincroniza_con,681e3c0d5571c3cd6e0f0883
681e3c0c5571c3cd6e0f029e,sincroniza_con,681e3c0d5571c3cd6e0f0c01
681e3c0c5571c3cd6e0f02e0,sincroniza_con,681e3c0d5571c3cd6e0f0bbd
681e3c0c5571c3cd6e0f0341,sincroniza_con,681e3c0d5571c3cd6e0f047e
681e3c0c5571c3cd6e0f0341,sincroniza_con,681e3c0d5571c3cd6e0f05ca
681e3c0c5571c3cd6e0f0346,sincroniza_con,681e3c0c5571c3cd6e0f0125
681e3c0c5571c3cd6e0f0346,sincroniza_con,681e3c0d5571c3cd6e0f0b7a
681e3c0c5571c3cd6e0f038a,sincroniza_con,681e3c0d5571c3cd6e0f056c
681e3c0c5571c3cd6e0f038a,sincroniza_con,681e3c0d5571c3cd6e0f072f
681e3c0d5571c3cd6e0f03de,sincroniza_con,681e3c0d5571c3cd6e0f0672
681e3c0d5571c3cd6e0f03de,sincroniza_con,681e3c0d5571c3cd6e0f050a
681e3c0d5571c3cd6e0f0437,sincroniza_con,681e3c0c5571c3cd6e0f01b9
681e3c0d5571c3cd6e0f0439,sincroniza_con,681e3c0d5571c3cd6e0f091b
681e3c0d5571c3cd6e0f0477,sincroniza_con,681e3c0d5571c3cd6e0f062e
681e3c0d5571c3cd6e0f0477,sincroniza_con,681e3c0d5571c3cd6e0f0677
681e3c0d5571c3cd6e0f0477,sincroniza_con,681e3c0d5571c3cd6e0f0439
681e3c0d5571c3cd6e0f047b,sincroniza_con,681e3c0d5571c3cd6e0f0a99
681e3c0d5571c3cd6e0f047b,sincroniza_con,681e3c0c5571c3cd6e0f02e0
681e3c0d5571c3cd6e0f047b,sincroniza_con,681e3c0d5571c3cd6e0f0c01
681e3c0d5571c3cd6e0f047e,sincroniza_con,681e3c0d5571c3cd6e0f0915
681e3c0d5571c3cd6e0f04b5,sincroniza_con,681e3c0c5571c3cd6e0f0178
681e3c0d5571c3cd6e0f04b5,sincroniza_con,681e3c0c5571c3cd6e0f0129
681e3c0d5571c3cd6e0f0504,sincroniza_con,681e3c0d5571c3cd6e0f0883
681e3c0d5571c3cd6e0f0504,sincroniza_con,681e3c0d5571c3cd6e0f056f
681e3c0d5571c3cd6e0f0507,sincroniza_con,681e3c0c5571c3cd6e0f0125
681e3c0d5571c3cd6e0f0507,sincroniza_con,681e3c0d5571c3cd6e0f077b
681e3c0d5571c3cd6e0f0507,sincroniza_con,681e3c0c5571c3cd6e0f029e
681e3c0d5571c3cd6e0f050a,sincroniza_con,681e3c0c5571c3cd6e0f0125
681e3c0d5571c3cd6e0f050a,sincroniza_con,681e3c0d5571c3cd6e0f05ca
681e3c0d5571c3cd6e0f050a,sincroniza_con,681e3c0d5571c3cd6e0f06dd
681e3c0d5571c3cd6e0f056c,sincroniza_con,681e3c0d5571c3cd6e0f077b
681e3c0d5571c3cd6e0f056c,sincroniza_con,681e3c0d5571c3cd6e0f062e
681e3c0d5571c3cd6e0f056f,sincroniza_con,681e3c0c5571c3cd6e0f0178
681e3c0d5571c3cd6e0f05c2,sincroniza_con,681e3c0d5571c3cd6e0f062e
681e3c0d5571c3cd6e0f05c4,sincroniza_con,681e3c0c5571c3cd6e0f0341
681e3c0d5571c3cd6e0f05ca,sincroniza_con,681e3c0c5571c3cd6e0f0293
681e3c0d5571c3cd6e0f05ca,sincroniza_con,681e3c0d5571c3cd6e0f0a93
681e3c0d5571c3cd6e0f062c,sincroniza_con,681e3c0d5571c3cd6e0f0c01
681e3c0d5571c3cd6e0f062c,sincroniza_con,681e3c0d5571c3cd6e0f0a93
681e3c0d5571c3cd6e0f062e,sincroniza_con,681e3c0c5571c3cd6e0f01e7
681e3c0d5571c3cd6e0f062e,sincroniza_con,681e3c0c5571c3cd6e0f01b9
681e3c0d5571c3cd6e0f0672,sincroniza_con,681e3c0d5571c3cd6e0f0504
681e3c0d5571c3cd6e0f0672,sincroniza_con,681e3c0d5571c3cd6e0f05c2
681e3c0d5571c3cd6e0f0672,sincroniza_con,681e3c0d5571c3cd6e0f03de
681e3c0d5571c3cd6e0f0677,sincroniza_con,681e3c0d5571c3cd6e0f0883
681e3c0d5571c3cd6e0f0677,sincroniza_con,681e3c0d5571c3cd6e0f05c4
681e3c0d5571c3cd6e0f0677,sincroniza_con,681e3c0d5571c3cd6e0f072f
681e3c0d5571c3cd6e0f06d7,sincroniza_con,681e3c0c5571c3cd6e0f0178
681e3c0d5571c3cd6e0f06d7,sincroniza_con,681e3c0d5571c3cd6e0f0a55
681e3c0d5571c3cd6e0f06dd,sincroniza_con,681e3c0d5571c3cd6e0f05c2
681e3c0d5571c3cd6e0f06dd,sincroniza_con,681e3c0d5571c3cd6e0f0672
681e3c0d5571c3cd6e0f06dd,sincroniza_con,681e3c0d5571c3cd6e0f0a9c
681e3c0d5571c3cd6e0f072f,sincroniza_con,681e3c0c5571c3cd6e0f01b9
681e3c0d5571c3cd6e0f072f,sincroniza_con,681e3c0c5571c3cd6e0f029e
681e3c0d5571c3cd6e0f077b,sincroniza_con,681e3c0c5571c3cd6e0f0178
681e3c0d5571c3cd6e0f07d9,sincroniza_con,681e3c0c5571c3cd6e0f0346
681e3c0d5571c3cd6e0f07d9,sincroniza_con,681e3c0d5571c3cd6e0f0477
681e3c0d5571c3cd6e0f07d9,sincroniza_con,681e3c0d5571c3cd6e0f0b7a
681e3c0d5571c3cd6e0f082d,sincroniza_con,681e3c0d5571c3cd6e0f0aea
681e3c0d5571c3cd6e0f082d,sincroniza_con,681e3c0d5571c3cd6e0f0911
681e3c0d5571c3cd6e0f0883,sincroniza_con,681e3c0d5571c3cd6e0f056f
681e3c0d5571c3cd6e0f0883,sincroniza_con,681e3c0d5571c3cd6e0f0a99
681e3c0d5571c3cd6e0f0889,sincroniza_con,681e3c0d5571c3cd6e0f0a55
681e3c0d5571c3cd6e0f0889,sincroniza_con,681e3c0d5571c3cd6e0f0672
681e3c0d5571c3cd6e0f08e3,sincroniza_con,681e3c0d5571c3cd6e0f06d7
681e3c0d5571c3cd6e0f08e3,sincroniza_con,681e3c0d5571c3cd6e0f0c01
681e3c0d5571c3cd6e0f0911,sincroniza_con,681e3c0d5571c3cd6e0f0aea
681e3c0d5571c3cd6e0f0915,sincroniza_con,681e3c0d5571c3cd6e0f06dd
681e3c0d5571c3cd6e0f0915,sincroniza_con,681e3c0c5571c3cd6e0f011f
681e3c0d5571c3cd6e0f0915,sincroniza_con,681e3c0d5571c3cd6e0f04b5
681e3c0d5571c3cd6e0f091b,sincroniza_con,681e3c0c5571c3cd6e0f01e7
681e3c0d5571c3cd6e0f097c,sincroniza_con,681e3c0c5571c3cd6e0f0241
681e3c0d5571c3cd6e0f097c,sincroniza_con,681e3c0d5571c3cd6e0f0bbd
681e3c0d5571c3cd6e0f09bd,sincroniza_con,681e3c0c5571c3cd6e0f011f
681e3c0d5571c3cd6e0f09bd,sincroniza_con,681e3c0c5571c3cd6e0f0299
681e3c0d5571c3cd6e0f09fb,sincroniza_con,681e3c0d5571c3cd6e0f0a55
681e3c0d5571c3cd6e0f09fb,sincroniza_con,681e3c0d5571c3cd6e0f0883
681e3c0d5571c3cd6e0f09fb,sincroniza_con,681e3c0d5571c3cd6e0f050a
681e3c0d5571c3cd6e0f0a55,sincroniza_con,681e3c0d5571c3cd6e0f08e3
681e3c0d5571c3cd6e0f0a55,sincroniza_con,681e3c0c5571c3cd6e0f01b9
681e3c0d5571c3cd6e0f0a93,sincroniza_con,681e3c0d5571c3cd6e0f09fb
681e3c0d5571c3cd6e0f0a93,sincroniza_con,681e3c0d5571c3cd6e0f0889
681e3c0d5571c3cd6e0f0a93,sincroniza_con,681e3c0c5571c3cd6e0f0241
681e3c0d5571c3cd6e0f0a99,sincroniza_con,681e3c0c5571c3cd6e0f02e0
681e3c0d5571c3cd6e0f0a99,sincroniza_con,681e3c0c5571c3cd6e0f0346
681e3c0d5571c3cd6e0f0a99,sincroniza_con,681e3c0d5571c3cd6e0f062c
681e3c0d5571c3cd6e0f0a9c,sincroniza_con,681e3c0c5571c3cd6e0f0346
681e3c0d5571c3cd6e0f0aea,sincroniza_con,681e3c0d5571c3cd6e0f05ca
681e3c0d5571c3cd6e0f0aea,sincroniza_con,681e3c0d5571c3cd6e0f0911
681e3c0d5571c3cd6e0f0aea,sincroniza_con,681e3c0d5571c3cd6e0f05c4
681e3c0d5571c3cd6e0f0b3e,sincroniza_con,681e3c0d5571c3cd6e0f047b
681e3c0d5571c3cd6e0f0b7a,sincroniza_con,681e3c0d5571c3cd6e0f0a93
681e3c0d5571c3cd6e0f0b7e,sincroniza_con,681e3c0d5571c3cd6e0f0504
681e3c0d5571c3cd6e0f0bbd,sincroniza_con,681e3c0d5571c3cd6e0f0b7a
681e3c0d5571c3cd6e0f0c01,sincroniza_con,681e3c0d5571c3cd6e0f072f
681e3c0d5571c3cd6e0f0c04,sincroniza_con,681e3c0d5571c3cd6e0f097c
681e3c0d5571c3cd6e0f0c04,sincroniza_con,681e3c0d5571c3cd6e0f0b3e
681e3c0c5571c3cd6e0f012b,sincroniza_con,681e3c0d5571c3cd6e0f0403
681e3c0c5571c3cd6e0f012d,sincroniza_con,681e3c0d5571c3cd6e0f0517
681e3c0c5571c3cd6e0f012d,sincroniza_con,681e3c0d5571c3cd6e0f0b43
681e3c0c5571c3cd6e0f012d,sincroniza_con,681e3c0d5571c3cd6e0f063c
681e3c0c5571c3cd6e0f0131,sincroniza_con,681e3c0d5571c3cd6e0f099f
681e3c0c5571c3cd6e0f0131,sincroniza_con,681e3c0d5571c3cd6e0f0896
681e3c0c5571c3cd6e0f0133,sincroniza_con,681e3c0d5571c3cd6e0f06b9
681e3c0c5571c3cd6e0f0133,sincroniza_con,681e3c0d5571c3cd6e0f0633
681e3c0c5571c3cd6e0f0133,sincroniza_con,681e3c0d5571c3cd6e0f057f
681e3c0c5571c3cd6e0f0138,sincroniza_con,681e3c0d5571c3cd6e0f09d4
681e3c0c5571c3cd6e0f013c,sincroniza_con,681e3c0d5571c3cd6e0f040e
681e3c0c5571c3cd6e0f013e,sincroniza_con,681e3c0d5571c3cd6e0f04bf
681e3c0c5571c3cd6e0f013e,sincroniza_con,681e3c0d5571c3cd6e0f07f6
681e3c0c5571c3cd6e0f013e,sincroniza_con,681e3c0d5571c3cd6e0f0851
681e3c0c5571c3cd6e0f0140,sincroniza_con,681e3c0d5571c3cd6e0f06eb
681e3c0c5571c3cd6e0f0140,sincroniza_con,681e3c0d5571c3cd6e0f08f3
681e3c0c5571c3cd6e0f0140,sincroniza_con,681e3c0d5571c3cd6e0f0b8c
681e3c0c5571c3cd6e0f0143,sincroniza_con,681e3c0d5571c3cd6e0f0442
681e3c0c5571c3cd6e0f0143,sincroniza_con,681e3c0d5571c3cd6e0f0a1b
681e3c0c5571c3cd6e0f0146,sincroniza_con,681e3c0d5571c3cd6e0f07ad
681e3c0c5571c3cd6e0f0146,sincroniza_con,681e3c0c5571c3cd6e0f03b2
681e3c0c5571c3cd6e0f0146,sincroniza_con,681e3c0d5571c3cd6e0f0980
681e3c0c5571c3cd6e0f014b,sincroniza_con,681e3c0d5571c3cd6e0f0896
681e3c0c5571c3cd6e0f014d,sincroniza_con,681e3c0c5571c3cd6e0f0316
681e3c0c5571c3cd6e0f0151,sincroniza_con,681e3c0c5571c3cd6e0f0300
681e3c0c5571c3cd6e0f0151,sincroniza_con,681e3c0d5571c3cd6e0f0787
681e3c0c5571c3cd6e0f017e,sincroniza_con,681e3c0c5571c3cd6e0f01c4
681e3c0c5571c3cd6e0f017e,sincroniza_con,681e3c0d5571c3cd6e0f0abd
681e3c0c5571c3cd6e0f017e,sincroniza_con,681e3c0d5571c3cd6e0f048d
681e3c0c5571c3cd6e0f0183,sincroniza_con,681e3c0c5571c3cd6e0f01d2
681e3c0c5571c3cd6e0f0183,sincroniza_con,681e3c0c5571c3cd6e0f0261
681e3c0c5571c3cd6e0f0183,sincroniza_con,681e3c0d5571c3cd6e0f0c0f
681e3c0c5571c3cd6e0f0185,sincroniza_con,681e3c0d5571c3cd6e0f07b2
681e3c0c5571c3cd6e0f0185,sincroniza_con,681e3c0d5571c3cd6e0f0a16
681e3c0c5571c3cd6e0f0185,sincroniza_con,681e3c0d5571c3cd6e0f0c28
681e3c0c5571c3cd6e0f0188,sincroniza_con,681e3c0c5571c3cd6e0f02a9
681e3c0c5571c3cd6e0f0188,sincroniza_con,681e3c0c5571c3cd6e0f0201
681e3c0c5571c3cd6e0f0188,sincroniza_con,681e3c0c5571c3cd6e0f0304
681e3c0c5571c3cd6e0f018a,sincroniza_con,681e3c0d5571c3cd6e0f0856
681e3c0c5571c3cd6e0f01bc,sincroniza_con,681e3c0d5571c3cd6e0f0bc9
681e3c0c5571c3cd6e0f01bc,sincroniza_con,681e3c0d5571c3cd6e0f0bc5
681e3c0c5571c3cd6e0f01bf,sincroniza_con,681e3c0d5571c3cd6e0f0a2b
681e3c0c5571c3cd6e0f01bf,sincroniza_con,681e3c0d5571c3cd6e0f0792
681e3c0c5571c3cd6e0f01bf,sincroniza_con,681e3c0d5571c3cd6e0f0920
681e3c0c5571c3cd6e0f01c4,sincroniza_con,681e3c0d5571c3cd6e0f08f1
681e3c0c5571c3cd6e0f01c4,sincroniza_con,681e3c0d5571c3cd6e0f084e
681e3c0c5571c3cd6e0f01c4,sincroniza_con,681e3c0d5571c3cd6e0f08e6
681e3c0c5571c3cd6e0f01ca,sincroniza_con,681e3c0d5571c3cd6e0f04dd
681e3c0c5571c3cd6e0f01ca,sincroniza_con,681e3c0d5571c3cd6e0f0bd2
681e3c0c5571c3cd6e0f01ca,sincroniza_con,681e3c0c5571c3cd6e0f0322
681e3c0c5571c3cd6e0f01cd,sincroniza_con,681e3c0c5571c3cd6e0f0201
681e3c0c5571c3cd6e0f01cd,sincroniza_con,681e3c0d5571c3cd6e0f040e
681e3c0c5571c3cd6e0f01cd,sincroniza_con,681e3c0d5571c3cd6e0f06a8
681e3c0c5571c3cd6e0f01d2,sincroniza_con,681e3c0d5571c3cd6e0f0403
681e3c0c5571c3cd6e0f01ed,sincroniza_con,681e3c0d5571c3cd6e0f0841
681e3c0c5571c3cd6e0f01ed,sincroniza_con,681e3c0d5571c3cd6e0f0b8e
681e3c0c5571c3cd6e0f01ed,sincroniza_con,681e3c0d5571c3cd6e0f0a37
681e3c0c5571c3cd6e0f01f3,sincroniza_con,681e3c0d5571c3cd6e0f0841
681e3c0c5571c3cd6e0f01f3,sincroniza_con,681e3c0d5571c3cd6e0f05ff
681e3c0c5571c3cd6e0f01f9,sincroniza_con,681e3c0d5571c3cd6e0f06fd
681e3c0c5571c3cd6e0f01fd,sincroniza_con,681e3c0d5571c3cd6e0f07df
681e3c0c5571c3cd6e0f01fd,sincroniza_con,681e3c0d5571c3cd6e0f0af6
681e3c0c5571c3cd6e0f01ff,sincroniza_con,681e3c0d5571c3cd6e0f03e9
681e3c0c5571c3cd6e0f0201,sincroniza_con,681e3c0d5571c3cd6e0f0994
681e3c0c5571c3cd6e0f0201,sincroniza_con,681e3c0d5571c3cd6e0f0a6c
681e3c0c5571c3cd6e0f0201,sincroniza_con,681e3c0c5571c3cd6e0f0254
681e3c0c5571c3cd6e0f0205,sincroniza_con,681e3c0d5571c3cd6e0f08a1
681e3c0c5571c3cd6e0f0208,sincroniza_con,681e3c0d5571c3cd6e0f0c1d
681e3c0c5571c3cd6e0f0208,sincroniza_con,681e3c0d5571c3cd6e0f06f3
681e3c0c5571c3cd6e0f020c,sincroniza_con,681e3c0d5571c3cd6e0f0442
681e3c0c5571c3cd6e0f020c,sincroniza_con,681e3c0d5571c3cd6e0f0b8e
681e3c0c5571c3cd6e0f020c,sincroniza_con,681e3c0c5571c3cd6e0f02a6
681e3c0c5571c3cd6e0f0211,sincroniza_con,681e3c0d5571c3cd6e0f0802
681e3c0c5571c3cd6e0f0211,sincroniza_con,681e3c0c5571c3cd6e0f02a9
681e3c0c5571c3cd6e0f0211,sincroniza_con,681e3c0d5571c3cd6e0f053f
681e3c0c5571c3cd6e0f0214,sincroniza_con,681e3c0d5571c3cd6e0f0ab0
681e3c0c5571c3cd6e0f0218,sincroniza_con,681e3c0d5571c3cd6e0f0511
681e3c0c5571c3cd6e0f021c,sincroniza_con,681e3c0c5571c3cd6e0f035f
681e3c0c5571c3cd6e0f021c,sincroniza_con,681e3c0d5571c3cd6e0f08f1
681e3c0c5571c3cd6e0f021f,sincroniza_con,681e3c0d5571c3cd6e0f0abd
681e3c0c5571c3cd6e0f0247,sincroniza_con,681e3c0d5571c3cd6e0f057c
681e3c0c5571c3cd6e0f0247,sincroniza_con,681e3c0d5571c3cd6e0f07f9
681e3c0c5571c3cd6e0f0247,sincroniza_con,681e3c0c5571c3cd6e0f0314
681e3c0c5571c3cd6e0f024b,sincroniza_con,681e3c0d5571c3cd6e0f08f1
681e3c0c5571c3cd6e0f024f,sincroniza_con,681e3c0c5571c3cd6e0f01fd
681e3c0c5571c3cd6e0f024f,sincroniza_con,681e3c0d5571c3cd6e0f084a
681e3c0c5571c3cd6e0f024f,sincroniza_con,681e3c0c5571c3cd6e0f0368
681e3c0c5571c3cd6e0f0251,sincroniza_con,681e3c0d5571c3cd6e0f0b43
681e3c0c5571c3cd6e0f0254,sincroniza_con,681e3c0c5571c3cd6e0f02ba
681e3c0c5571c3cd6e0f0254,sincroniza_con,681e3c0d5571c3cd6e0f06ad
681e3c0c5571c3cd6e0f0254,sincroniza_con,681e3c0d5571c3cd6e0f06e1
681e3c0c5571c3cd6e0f0259,sincroniza_con,681e3c0d5571c3cd6e0f0a02
681e3c0c5571c3cd6e0f0259,sincroniza_con,681e3c0d5571c3cd6e0f0a7a
681e3c0c5571c3cd6e0f0259,sincroniza_con,681e3c0d5571c3cd6e0f07b2
681e3c0c5571c3cd6e0f025f,sincroniza_con,681e3c0c5571c3cd6e0f0185
681e3c0c5571c3cd6e0f0261,sincroniza_con,681e3c0d5571c3cd6e0f085c
681e3c0c5571c3cd6e0f0261,sincroniza_con,681e3c0c5571c3cd6e0f0211
681e3c0c5571c3cd6e0f0261,sincroniza_con,681e3c0d5571c3cd6e0f0af6
681e3c0c5571c3cd6e0f0264,sincroniza_con,681e3c0d5571c3cd6e0f0753
681e3c0c5571c3cd6e0f0267,sincroniza_con,681e3c0d5571c3cd6e0f0707
681e3c0c5571c3cd6e0f0269,sincroniza_con,681e3c0d5571c3cd6e0f075a
681e3c0c5571c3cd6e0f026f,sincroniza_con,681e3c0d5571c3cd6e0f0bc5
681e3c0c5571c3cd6e0f0271,sincroniza_con,681e3c0d5571c3cd6e0f073d
681e3c0c5571c3cd6e0f0277,sincroniza_con,681e3c0d5571c3cd6e0f0b43
681e3c0c5571c3cd6e0f0277,sincroniza_con,681e3c0d5571c3cd6e0f04d3
681e3c0c5571c3cd6e0f0277,sincroniza_con,681e3c0d5571c3cd6e0f0529
681e3c0c5571c3cd6e0f02a4,sincroniza_con,681e3c0d5571c3cd6e0f04d3
681e3c0c5571c3cd6e0f02a4,sincroniza_con,681e3c0d5571c3cd6e0f091d
681e3c0c5571c3cd6e0f02a4,sincroniza_con,681e3c0d5571c3cd6e0f0806
681e3c0c5571c3cd6e0f02a6,sincroniza_con,681e3c0d5571c3cd6e0f092c
681e3c0c5571c3cd6e0f02a6,sincroniza_con,681e3c0c5571c3cd6e0f0322
681e3c0c5571c3cd6e0f02a9,sincroniza_con,681e3c0d5571c3cd6e0f0697
681e3c0c5571c3cd6e0f02a9,sincroniza_con,681e3c0d5571c3cd6e0f05e2
681e3c0c5571c3cd6e0f02ab,sincroniza_con,681e3c0d5571c3cd6e0f03e3
681e3c0c5571c3cd6e0f02ab,sincroniza_con,681e3c0d5571c3cd6e0f040c
681e3c0c5571c3cd6e0f02ab,sincroniza_con,681e3c0c5571c3cd6e0f01fd
681e3c0c5571c3cd6e0f02b0,sincroniza_con,681e3c0c5571c3cd6e0f01bf
681e3c0c5571c3cd6e0f02b2,sincroniza_con,681e3c0d5571c3cd6e0f03f8
681e3c0c5571c3cd6e0f02b2,sincroniza_con,681e3c0c5571c3cd6e0f01bc
681e3c0c5571c3cd6e0f02b8,sincroniza_con,681e3c0d5571c3cd6e0f0c0f
681e3c0c5571c3cd6e0f02b8,sincroniza_con,681e3c0c5571c3cd6e0f0259
681e3c0c5571c3cd6e0f02b8,sincroniza_con,681e3c0c5571c3cd6e0f0211
681e3c0c5571c3cd6e0f02ba,sincroniza_con,681e3c0d5571c3cd6e0f0837
681e3c0c5571c3cd6e0f02bd,sincroniza_con,681e3c0c5571c3cd6e0f026f
681e3c0c5571c3cd6e0f02bd,sincroniza_con,681e3c0d5571c3cd6e0f0a0a
681e3c0c5571c3cd6e0f02e6,sincroniza_con,681e3c0c5571c3cd6e0f02b2
681e3c0c5571c3cd6e0f02eb,sincroniza_con,681e3c0d5571c3cd6e0f067b
681e3c0c5571c3cd6e0f02eb,sincroniza_con,681e3c0d5571c3cd6e0f0926
681e3c0c5571c3cd6e0f02ef,sincroniza_con,681e3c0d5571c3cd6e0f084e
681e3c0c5571c3cd6e0f02ef,sincroniza_con,681e3c0d5571c3cd6e0f0445
681e3c0c5571c3cd6e0f02f4,sincroniza_con,681e3c0d5571c3cd6e0f0c28
681e3c0c5571c3cd6e0f02fa,sincroniza_con,681e3c0d5571c3cd6e0f040e
681e3c0c5571c3cd6e0f02fe,sincroniza_con,681e3c0d5571c3cd6e0f083d
681e3c0c5571c3cd6e0f02fe,sincroniza_con,681e3c0d5571c3cd6e0f0a7a
681e3c0c5571c3cd6e0f02fe,sincroniza_con,681e3c0c5571c3cd6e0f012d
681e3c0c5571c3cd6e0f0300,sincroniza_con,681e3c0d5571c3cd6e0f077e
681e3c0c5571c3cd6e0f0304,sincroniza_con,681e3c0d5571c3cd6e0f0994
681e3c0c5571c3cd6e0f030a,sincroniza_con,681e3c0d5571c3cd6e0f08b4
681e3c0c5571c3cd6e0f030a,sincroniza_con,681e3c0c5571c3cd6e0f0370
681e3c0c5571c3cd6e0f030e,sincroniza_con,681e3c0d5571c3cd6e0f064e
681e3c0c5571c3cd6e0f030e,sincroniza_con,681e3c0d5571c3cd6e0f0707
681e3c0c5571c3cd6e0f030e,sincroniza_con,681e3c0d5571c3cd6e0f0b46
681e3c0c5571c3cd6e0f0314,sincroniza_con,681e3c0c5571c3cd6e0f02b0
681e3c0c5571c3cd6e0f0316,sincroniza_con,681e3c0d5571c3cd6e0f05d8
681e3c0c5571c3cd6e0f0316,sincroniza_con,681e3c0d5571c3cd6e0f093d
681e3c0c5571c3cd6e0f031c,sincroniza_con,681e3c0d5571c3cd6e0f0b0d
681e3c0c5571c3cd6e0f031c,sincroniza_con,681e3c0c5571c3cd6e0f0131
681e3c0c5571c3cd6e0f0322,sincroniza_con,681e3c0d5571c3cd6e0f0b06
681e3c0c5571c3cd6e0f0322,sincroniza_con,681e3c0d5571c3cd6e0f0c0f
681e3c0c5571c3cd6e0f0322,sincroniza_con,681e3c0d5571c3cd6e0f0756
681e3c0c5571c3cd6e0f034c,sincroniza_con,681e3c0d5571c3cd6e0f050c
681e3c0c5571c3cd6e0f0350,sincroniza_con,681e3c0d5571c3cd6e0f0b97
681e3c0c5571c3cd6e0f0350,sincroniza_con,681e3c0d5571c3cd6e0f04bb
681e3c0c5571c3cd6e0f0350,sincroniza_con,681e3c0d5571c3cd6e0f058e
681e3c0c5571c3cd6e0f0355,sincroniza_con,681e3c0d5571c3cd6e0f07b7
681e3c0c5571c3cd6e0f0355,sincroniza_con,681e3c0d5571c3cd6e0f0a12
681e3c0c5571c3cd6e0f0355,sincroniza_con,681e3c0c5571c3cd6e0f031c
681e3c0c5571c3cd6e0f035b,sincroniza_con,681e3c0d5571c3cd6e0f0942
681e3c0c5571c3cd6e0f035b,sincroniza_con,681e3c0d5571c3cd6e0f09fe
681e3c0c5571c3cd6e0f035b,sincroniza_con,681e3c0d5571c3cd6e0f07f6
681e3c0c5571c3cd6e0f035f,sincroniza_con,681e3c0d5571c3cd6e0f0856
681e3c0c5571c3cd6e0f035f,sincroniza_con,681e3c0d5571c3cd6e0f05d8
681e3c0c5571c3cd6e0f035f,sincroniza_con,681e3c0d5571c3cd6e0f06ad
681e3c0c5571c3cd6e0f0361,sincroniza_con,681e3c0c5571c3cd6e0f025f
681e3c0c5571c3cd6e0f0361,sincroniza_con,681e3c0d5571c3cd6e0f0926
681e3c0c5571c3cd6e0f0361,sincroniza_con,681e3c0d5571c3cd6e0f0c17
681e3c0c5571c3cd6e0f0365,sincroniza_con,681e3c0d5571c3cd6e0f06ad
681e3c0c5571c3cd6e0f0368,sincroniza_con,681e3c0d5571c3cd6e0f05d8
681e3c0c5571c3cd6e0f0368,sincroniza_con,681e3c0d5571c3cd6e0f0b53
681e3c0c5571c3cd6e0f036a,sincroniza_con,681e3c0d5571c3cd6e0f078c
681e3c0c5571c3cd6e0f036a,sincroniza_con,681e3c0d5571c3cd6e0f0604
681e3c0c5571c3cd6e0f036a,sincroniza_con,681e3c0d5571c3cd6e0f053f
681e3c0c5571c3cd6e0f036c,sincroniza_con,681e3c0d5571c3cd6e0f0400
681e3c0c5571c3cd6e0f0370,sincroniza_con,681e3c0c5571c3cd6e0f0183
681e3c0c5571c3cd6e0f0370,sincroniza_con,681e3c0d5571c3cd6e0f0bd2
681e3c0c5571c3cd6e0f038f,sincroniza_con,681e3c0d5571c3cd6e0f09ca
681e3c0c5571c3cd6e0f038f,sincroniza_con,681e3c0c5571c3cd6e0f024f
681e3c0c5571c3cd6e0f038f,sincroniza_con,681e3c0d5571c3cd6e0f0a27
681e3c0c5571c3cd6e0f0395,sincroniza_con,681e3c0c5571c3cd6e0f0355
681e3c0c5571c3cd6e0f0398,sincroniza_con,681e3c0d5571c3cd6e0f075a
681e3c0c5571c3cd6e0f0398,sincroniza_con,681e3c0d5571c3cd6e0f0c0f
681e3c0c5571c3cd6e0f0398,sincroniza_con,681e3c0d5571c3cd6e0f09cc
681e3c0c5571c3cd6e0f039c,sincroniza_con,681e3c0d5571c3cd6e0f0bc9
681e3c0c5571c3cd6e0f03a2,sincroniza_con,681e3c0c5571c3cd6e0f0185
681e3c0c5571c3cd6e0f03a2,sincroniza_con,681e3c0d5571c3cd6e0f0403
681e3c0c5571c3cd6e0f03a8,sincroniza_con,681e3c0d5571c3cd6e0f06e9
681e3c0c5571c3cd6e0f03aa,sincroniza_con,681e3c0d5571c3cd6e0f0b4f
681e3c0c5571c3cd6e0f03aa,sincroniza_con,681e3c0d5571c3cd6e0f05dc
681e3c0c5571c3cd6e0f03aa,sincroniza_con,681e3c0c5571c3cd6e0f01cd
681e3c0c5571c3cd6e0f03b0,sincroniza_con,681e3c0c5571c3cd6e0f0316
681e3c0c5571c3cd6e0f03b0,sincroniza_con,681e3c0d5571c3cd6e0f05dc
681e3c0c5571c3cd6e0f03b2,sincroniza_con,681e3c0c5571c3cd6e0f014d
681e3c0c5571c3cd6e0f03b2,sincroniza_con,681e3c0c5571c3cd6e0f021c
681e3c0c5571c3cd6e0f03b2,sincroniza_con,681e3c0d5571c3cd6e0f08ab
681e3c0c5571c3cd6e0f03b7,sincroniza_con,681e3c0d5571c3cd6e0f0983
681e3c0d5571c3cd6e0f03e1,sincroniza_con,681e3c0d5571c3cd6e0f0aa7
681e3c0d5571c3cd6e0f03e1,sincroniza_con,681e3c0d5571c3cd6e0f0c21
681e3c0d5571c3cd6e0f03e1,sincroniza_con,681e3c0d5571c3cd6e0f0b12
681e3c0d5571c3cd6e0f03e3,sincroniza_con,681e3c0d5571c3cd6e0f06ad
681e3c0d5571c3cd6e0f03e3,sincroniza_con,681e3c0d5571c3cd6e0f0896
681e3c0d5571c3cd6e0f03e3,sincroniza_con,681e3c0c5571c3cd6e0f0395
681e3c0d5571c3cd6e0f03e9,sincroniza_con,681e3c0d5571c3cd6e0f0a0e
681e3c0d5571c3cd6e0f03e9,sincroniza_con,681e3c0d5571c3cd6e0f089e
681e3c0d5571c3cd6e0f03e9,sincroniza_con,681e3c0d5571c3cd6e0f05e2
681e3c0d5571c3cd6e0f03ef,sincroniza_con,681e3c0c5571c3cd6e0f025f
681e3c0d5571c3cd6e0f03ef,sincroniza_con,681e3c0d5571c3cd6e0f0bc9
681e3c0d5571c3cd6e0f03ef,sincroniza_con,681e3c0d5571c3cd6e0f0806
681e3c0d5571c3cd6e0f03f2,sincroniza_con,681e3c0d5571c3cd6e0f0a0e
681e3c0d5571c3cd6e0f03f4,sincroniza_con,681e3c0d5571c3cd6e0f0638
681e3c0d5571c3cd6e0f03f4,sincroniza_con,681e3c0d5571c3cd6e0f0c2c
681e3c0d5571c3cd6e0f03f8,sincroniza_con,681e3c0c5571c3cd6e0f01cd
681e3c0d5571c3cd6e0f03f8,sincroniza_con,681e3c0d5571c3cd6e0f083b
681e3c0d5571c3cd6e0f03fc,sincroniza_con,681e3c0d5571c3cd6e0f079f
681e3c0d5571c3cd6e0f03fe,sincroniza_con,681e3c0d5571c3cd6e0f0b8e
681e3c0d5571c3cd6e0f03fe,sincroniza_con,681e3c0d5571c3cd6e0f07b2
681e3c0d5571c3cd6e0f0400,sincroniza_con,681e3c0d5571c3cd6e0f0c12
681e3c0d5571c3cd6e0f0400,sincroniza_con,681e3c0c5571c3cd6e0f012b
681e3c0d5571c3cd6e0f0400,sincroniza_con,681e3c0d5571c3cd6e0f092c
681e3c0d5571c3cd6e0f0403,sincroniza_con,681e3c0d5571c3cd6e0f0c0a
681e3c0d5571c3cd6e0f0403,sincroniza_con,681e3c0c5571c3cd6e0f03aa
681e3c0d5571c3cd6e0f0403,sincroniza_con,681e3c0c5571c3cd6e0f0370
681e3c0d5571c3cd6e0f0407,sincroniza_con,681e3c0d5571c3cd6e0f0b41
681e3c0d5571c3cd6e0f040c,sincroniza_con,681e3c0c5571c3cd6e0f021f
681e3c0d5571c3cd6e0f040e,sincroniza_con,681e3c0d5571c3cd6e0f07bb
681e3c0d5571c3cd6e0f043f,sincroniza_con,681e3c0d5571c3cd6e0f03fe
681e3c0d5571c3cd6e0f043f,sincroniza_con,681e3c0c5571c3cd6e0f0185
681e3c0d5571c3cd6e0f0442,sincroniza_con,681e3c0d5571c3cd6e0f0a2b
681e3c0d5571c3cd6e0f0442,sincroniza_con,681e3c0d5571c3cd6e0f082f
681e3c0d5571c3cd6e0f0442,sincroniza_con,681e3c0d5571c3cd6e0f063f
681e3c0d5571c3cd6e0f0445,sincroniza_con,681e3c0d5571c3cd6e0f0734
681e3c0d5571c3cd6e0f0445,sincroniza_con,681e3c0d5571c3cd6e0f06fd
681e3c0d5571c3cd6e0f0445,sincroniza_con,681e3c0d5571c3cd6e0f0636
681e3c0d5571c3cd6e0f0449,sincroniza_con,681e3c0d5571c3cd6e0f0c25
681e3c0d5571c3cd6e0f0449,sincroniza_con,681e3c0c5571c3cd6e0f0368
681e3c0d5571c3cd6e0f0449,sincroniza_con,681e3c0d5571c3cd6e0f088e
681e3c0d5571c3cd6e0f044f,sincroniza_con,681e3c0d5571c3cd6e0f06a8
681e3c0d5571c3cd6e0f044f,sincroniza_con,681e3c0d5571c3cd6e0f06e9
681e3c0d5571c3cd6e0f0454,sincroniza_con,681e3c0d5571c3cd6e0f067d
681e3c0d5571c3cd6e0f0484,sincroniza_con,681e3c0d5571c3cd6e0f083b
681e3c0d5571c3cd6e0f0484,sincroniza_con,681e3c0c5571c3cd6e0f0247
681e3c0d5571c3cd6e0f0484,sincroniza_con,681e3c0d5571c3cd6e0f0743
681e3c0d5571c3cd6e0f048a,sincroniza_con,681e3c0d5571c3cd6e0f04dd
681e3c0d5571c3cd6e0f048a,sincroniza_con,681e3c0d5571c3cd6e0f0529
681e3c0d5571c3cd6e0f048d,sincroniza_con,681e3c0d5571c3cd6e0f0a37
681e3c0d5571c3cd6e0f048d,sincroniza_con,681e3c0c5571c3cd6e0f03aa
681e3c0d5571c3cd6e0f048d,sincroniza_con,681e3c0d5571c3cd6e0f05de
681e3c0d5571c3cd6e0f0492,sincroniza_con,681e3c0c5571c3cd6e0f014d
681e3c0d5571c3cd6e0f0492,sincroniza_con,681e3c0d5571c3cd6e0f0aa2
681e3c0d5571c3cd6e0f0494,sincroniza_con,681e3c0d5571c3cd6e0f0a02
681e3c0d5571c3cd6e0f0494,sincroniza_con,681e3c0d5571c3cd6e0f07ec
681e3c0d5571c3cd6e0f0496,sincroniza_con,681e3c0d5571c3cd6e0f03e1
681e3c0d5571c3cd6e0f04b7,sincroniza_con,681e3c0d5571c3cd6e0f0b0d
681e3c0d5571c3cd6e0f04b7,sincroniza_con,681e3c0d5571c3cd6e0f0aa2
681e3c0d5571c3cd6e0f04bb,sincroniza_con,681e3c0d5571c3cd6e0f05f8
681e3c0d5571c3cd6e0f04bb,sincroniza_con,681e3c0d5571c3cd6e0f0534
681e3c0d5571c3cd6e0f04bb,sincroniza_con,681e3c0d5571c3cd6e0f0892
681e3c0d5571c3cd6e0f04bd,sincroniza_con,681e3c0d5571c3cd6e0f0942
681e3c0d5571c3cd6e0f04bf,sincroniza_con,681e3c0d5571c3cd6e0f0689
681e3c0d5571c3cd6e0f04bf,sincroniza_con,681e3c0c5571c3cd6e0f0322
681e3c0d5571c3cd6e0f04bf,sincroniza_con,681e3c0c5571c3cd6e0f02f4
681e3c0d5571c3cd6e0f04c4,sincroniza_con,681e3c0c5571c3cd6e0f01cd
681e3c0d5571c3cd6e0f04c8,sincroniza_con,681e3c0c5571c3cd6e0f024b
681e3c0d5571c3cd6e0f04ce,sincroniza_con,681e3c0d5571c3cd6e0f063c
681e3c0d5571c3cd6e0f04ce,sincroniza_con,681e3c0d5571c3cd6e0f07bb
681e3c0d5571c3cd6e0f04ce,sincroniza_con,681e3c0c5571c3cd6e0f021f
681e3c0d5571c3cd6e0f04d3,sincroniza_con,681e3c0d5571c3cd6e0f0529
681e3c0d5571c3cd6e0f04d7,sincroniza_con,681e3c0d5571c3cd6e0f043f
681e3c0d5571c3cd6e0f04da,sincroniza_con,681e3c0c5571c3cd6e0f03aa
681e3c0d5571c3cd6e0f04da,sincroniza_con,681e3c0c5571c3cd6e0f02ef
681e3c0d5571c3cd6e0f04dd,sincroniza_con,681e3c0d5571c3cd6e0f0697
681e3c0d5571c3cd6e0f04dd,sincroniza_con,681e3c0c5571c3cd6e0f02e6
681e3c0d5571c3cd6e0f04dd,sincroniza_con,681e3c0d5571c3cd6e0f0afa
681e3c0d5571c3cd6e0f04e1,sincroniza_con,681e3c0d5571c3cd6e0f0956
681e3c0d5571c3cd6e0f04e1,sincroniza_con,681e3c0c5571c3cd6e0f0205
681e3c0d5571c3cd6e0f04e1,sincroniza_con,681e3c0d5571c3cd6e0f0b82
681e3c0d5571c3cd6e0f050c,sincroniza_con,681e3c0d5571c3cd6e0f07bb
681e3c0d5571c3cd6e0f050c,sincroniza_con,681e3c0d5571c3cd6e0f0732
681e3c0d5571c3cd6e0f050c,sincroniza_con,681e3c0d5571c3cd6e0f040c
681e3c0d5571c3cd6e0f0511,sincroniza_con,681e3c0d5571c3cd6e0f0454
681e3c0d5571c3cd6e0f0517,sincroniza_con,681e3c0d5571c3cd6e0f0a62
681e3c0d5571c3cd6e0f0517,sincroniza_con,681e3c0d5571c3cd6e0f069c
681e3c0d5571c3cd6e0f0517,sincroniza_con,681e3c0d5571c3cd6e0f0847
681e3c0d5571c3cd6e0f051a,sincroniza_con,681e3c0d5571c3cd6e0f057c
681e3c0d5571c3cd6e0f051e,sincroniza_con,681e3c0d5571c3cd6e0f0738
681e3c0d5571c3cd6e0f051e,sincroniza_con,681e3c0c5571c3cd6e0f035f
681e3c0d5571c3cd6e0f0522,sincroniza_con,681e3c0d5571c3cd6e0f0a12
681e3c0d5571c3cd6e0f0524,sincroniza_con,681e3c0d5571c3cd6e0f09d4
681e3c0d5571c3cd6e0f0529,sincroniza_con,681e3c0c5571c3cd6e0f039c
681e3c0d5571c3cd6e0f0529,sincroniza_con,681e3c0d5571c3cd6e0f08f3
681e3c0d5571c3cd6e0f052b,sincroniza_con,681e3c0d5571c3cd6e0f0af2
681e3c0d5571c3cd6e0f0531,sincroniza_con,681e3c0d5571c3cd6e0f03f8
681e3c0d5571c3cd6e0f0531,sincroniza_con,681e3c0c5571c3cd6e0f01f3
681e3c0d5571c3cd6e0f0531,sincroniza_con,681e3c0d5571c3cd6e0f06e3
681e3c0d5571c3cd6e0f0534,sincroniza_con,681e3c0d5571c3cd6e0f0636
681e3c0d5571c3cd6e0f0534,sincroniza_con,681e3c0c5571c3cd6e0f025f
681e3c0d5571c3cd6e0f0534,sincroniza_con,681e3c0d5571c3cd6e0f083b
681e3c0d5571c3cd6e0f0536,sincroniza_con,681e3c0c5571c3cd6e0f025f
681e3c0d5571c3cd6e0f0536,sincroniza_con,681e3c0c5571c3cd6e0f0304
681e3c0d5571c3cd6e0f0538,sincroniza_con,681e3c0c5571c3cd6e0f02ef
681e3c0d5571c3cd6e0f0538,sincroniza_con,681e3c0c5571c3cd6e0f01c4
681e3c0d5571c3cd6e0f053a,sincroniza_con,681e3c0d5571c3cd6e0f0738
681e3c0d5571c3cd6e0f053a,sincroniza_con,681e3c0c5571c3cd6e0f0151
681e3c0d5571c3cd6e0f053f,sincroniza_con,681e3c0d5571c3cd6e0f0b4f
681e3c0d5571c3cd6e0f0575,sincroniza_con,681e3c0d5571c3cd6e0f03e1
681e3c0d5571c3cd6e0f0575,sincroniza_con,681e3c0d5571c3cd6e0f0496
681e3c0d5571c3cd6e0f0575,sincroniza_con,681e3c0d5571c3cd6e0f0bbf
681e3c0d5571c3cd6e0f0577,sincroniza_con,681e3c0d5571c3cd6e0f04b7
681e3c0d5571c3cd6e0f0579,sincroniza_con,681e3c0d5571c3cd6e0f07fe
681e3c0d5571c3cd6e0f057c,sincroniza_con,681e3c0d5571c3cd6e0f07a4
681e3c0d5571c3cd6e0f057c,sincroniza_con,681e3c0c5571c3cd6e0f0368
681e3c0d5571c3cd6e0f057c,sincroniza_con,681e3c0d5571c3cd6e0f089e
681e3c0d5571c3cd6e0f057f,sincroniza_con,681e3c0c5571c3cd6e0f03a2
681e3c0d5571c3cd6e0f0583,sincroniza_con,681e3c0d5571c3cd6e0f07a7
681e3c0d5571c3cd6e0f0583,sincroniza_con,681e3c0d5571c3cd6e0f0856
681e3c0d5571c3cd6e0f0588,sincroniza_con,681e3c0d5571c3cd6e0f0b46
681e3c0d5571c3cd6e0f0588,sincroniza_con,681e3c0d5571c3cd6e0f08a6
681e3c0d5571c3cd6e0f058e,sincroniza_con,681e3c0c5571c3cd6e0f012b
681e3c0d5571c3cd6e0f0594,sincroniza_con,681e3c0d5571c3cd6e0f08b4
681e3c0d5571c3cd6e0f0594,sincroniza_con,681e3c0d5571c3cd6e0f09d4
681e3c0d5571c3cd6e0f0594,sincroniza_con,681e3c0c5571c3cd6e0f013c
681e3c0d5571c3cd6e0f0598,sincroniza_con,681e3c0d5571c3cd6e0f0756
681e3c0d5571c3cd6e0f05d0,sincroniza_con,681e3c0d5571c3cd6e0f0a7a
681e3c0d5571c3cd6e0f05d2,sincroniza_con,681e3c0c5571c3cd6e0f013c
681e3c0d5571c3cd6e0f05d2,sincroniza_con,681e3c0d5571c3cd6e0f06b2
681e3c0d5571c3cd6e0f05d2,sincroniza_con,681e3c0d5571c3cd6e0f09cc
681e3c0d5571c3cd6e0f05d8,sincroniza_con,681e3c0d5571c3cd6e0f07ec
681e3c0d5571c3cd6e0f05d8,sincroniza_con,681e3c0d5571c3cd6e0f0bbf
681e3c0d5571c3cd6e0f05dc,sincroniza_con,681e3c0d5571c3cd6e0f078c
681e3c0d5571c3cd6e0f05dc,sincroniza_con,681e3c0d5571c3cd6e0f0c0a
681e3c0d5571c3cd6e0f05dc,sincroniza_con,681e3c0d5571c3cd6e0f0923
681e3c0d5571c3cd6e0f05de,sincroniza_con,681e3c0c5571c3cd6e0f0304
681e3c0d5571c3cd6e0f05e2,sincroniza_con,681e3c0d5571c3cd6e0f0841
681e3c0d5571c3cd6e0f05e2,sincroniza_con,681e3c0d5571c3cd6e0f03e1
681e3c0d5571c3cd6e0f05e6,sincroniza_con,681e3c0c5571c3cd6e0f0355
681e3c0d5571c3cd6e0f05e6,sincroniza_con,681e3c0d5571c3cd6e0f0c12
681e3c0d5571c3cd6e0f05e6,sincroniza_con,681e3c0d5571c3cd6e0f06e3
681e3c0d5571c3cd6e0f05e8,sincroniza_con,681e3c0c5571c3cd6e0f0395
681e3c0d5571c3cd6e0f05ee,sincroniza_con,681e3c0d5571c3cd6e0f06f9
681e3c0d5571c3cd6e0f05f2,sincroniza_con,681e3c0d5571c3cd6e0f0798
681e3c0d5571c3cd6e0f05f2,sincroniza_con,681e3c0d5571c3cd6e0f0741
681e3c0d5571c3cd6e0f05f8,sincroniza_con,681e3c0d5571c3cd6e0f0931
681e3c0d5571c3cd6e0f05f8,sincroniza_con,681e3c0c5571c3cd6e0f012b
681e3c0d5571c3cd6e0f05fd,sincroniza_con,681e3c0d5571c3cd6e0f0529
681e3c0d5571c3cd6e0f05fd,sincroniza_con,681e3c0d5571c3cd6e0f0856
681e3c0d5571c3cd6e0f05fd,sincroniza_con,681e3c0d5571c3cd6e0f0a1b
681e3c0d5571c3cd6e0f05ff,sincroniza_con,681e3c0c5571c3cd6e0f031c
681e3c0d5571c3cd6e0f05ff,sincroniza_con,681e3c0d5571c3cd6e0f0a07
681e3c0d5571c3cd6e0f0604,sincroniza_con,681e3c0c5571c3cd6e0f01ff
681e3c0d5571c3cd6e0f0604,sincroniza_con,681e3c0d5571c3cd6e0f03f2
681e3c0d5571c3cd6e0f0604,sincroniza_con,681e3c0d5571c3cd6e0f0517
681e3c0d5571c3cd6e0f0631,sincroniza_con,681e3c0d5571c3cd6e0f0492
681e3c0d5571c3cd6e0f0631,sincroniza_con,681e3c0d5571c3cd6e0f0847
681e3c0d5571c3cd6e0f0631,sincroniza_con,681e3c0d5571c3cd6e0f0732
681e3c0d5571c3cd6e0f0633,sincroniza_con,681e3c0d5571c3cd6e0f050c
681e3c0d5571c3cd6e0f0633,sincroniza_con,681e3c0d5571c3cd6e0f048a
681e3c0d5571c3cd6e0f0636,sincroniza_con,681e3c0d5571c3cd6e0f075a
681e3c0d5571c3cd6e0f0638,sincroniza_con,681e3c0d5571c3cd6e0f08f3
681e3c0d5571c3cd6e0f0638,sincroniza_con,681e3c0c5571c3cd6e0f02b8
681e3c0d5571c3cd6e0f063c,sincroniza_con,681e3c0c5571c3cd6e0f0316
681e3c0d5571c3cd6e0f063f,sincroniza_con,681e3c0d5571c3cd6e0f0743
681e3c0d5571c3cd6e0f063f,sincroniza_con,681e3c0c5571c3cd6e0f012b
681e3c0d5571c3cd6e0f063f,sincroniza_con,681e3c0c5571c3cd6e0f025f
681e3c0d5571c3cd6e0f0645,sincroniza_con,681e3c0d5571c3cd6e0f0bd7
681e3c0d5571c3cd6e0f064a,sincroniza_con,681e3c0d5571c3cd6e0f0b00
681e3c0d5571c3cd6e0f064a,sincroniza_con,681e3c0d5571c3cd6e0f07e7
681e3c0d5571c3cd6e0f064a,sincroniza_con,681e3c0c5571c3cd6e0f0277
681e3c0d5571c3cd6e0f064e,sincroniza_con,681e3c0d5571c3cd6e0f03f2
681e3c0d5571c3cd6e0f064e,sincroniza_con,681e3c0d5571c3cd6e0f0a16
681e3c0d5571c3cd6e0f064e,sincroniza_con,681e3c0d5571c3cd6e0f050c
681e3c0d5571c3cd6e0f067b,sincroniza_con,681e3c0c5571c3cd6e0f038f
681e3c0d5571c3cd6e0f067b,sincroniza_con,681e3c0d5571c3cd6e0f095a
681e3c0d5571c3cd6e0f067b,sincroniza_con,681e3c0c5571c3cd6e0f026f
681e3c0d5571c3cd6e0f067d,sincroniza_con,681e3c0c5571c3cd6e0f02ab
681e3c0d5571c3cd6e0f067d,sincroniza_con,681e3c0d5571c3cd6e0f08e6
681e3c0d5571c3cd6e0f0682,sincroniza_con,681e3c0c5571c3cd6e0f0214
681e3c0d5571c3cd6e0f0682,sincroniza_con,681e3c0d5571c3cd6e0f0b53
681e3c0d5571c3cd6e0f0686,sincroniza_con,681e3c0d5571c3cd6e0f0b41
681e3c0d5571c3cd6e0f0686,sincroniza_con,681e3c0c5571c3cd6e0f02f4
681e3c0d5571c3cd6e0f0686,sincroniza_con,681e3c0c5571c3cd6e0f0322
681e3c0d5571c3cd6e0f0689,sincroniza_con,681e3c0d5571c3cd6e0f0988
681e3c0d5571c3cd6e0f068c,sincroniza_con,681e3c0c5571c3cd6e0f024b
681e3c0d5571c3cd6e0f0691,sincroniza_con,681e3c0d5571c3cd6e0f048a
681e3c0d5571c3cd6e0f0691,sincroniza_con,681e3c0d5571c3cd6e0f0454
681e3c0d5571c3cd6e0f0691,sincroniza_con,681e3c0c5571c3cd6e0f01bf
681e3c0d5571c3cd6e0f0697,sincroniza_con,681e3c0c5571c3cd6e0f0247
681e3c0d5571c3cd6e0f0697,sincroniza_con,681e3c0d5571c3cd6e0f093d
681e3c0d5571c3cd6e0f0697,sincroniza_con,681e3c0d5571c3cd6e0f09c7
681e3c0d5571c3cd6e0f069c,sincroniza_con,681e3c0c5571c3cd6e0f0218
681e3c0d5571c3cd6e0f069c,sincroniza_con,681e3c0d5571c3cd6e0f0a0e
681e3c0d5571c3cd6e0f069c,sincroniza_con,681e3c0c5571c3cd6e0f0254
681e3c0d5571c3cd6e0f06a2,sincroniza_con,681e3c0d5571c3cd6e0f0a78
681e3c0d5571c3cd6e0f06a2,sincroniza_con,681e3c0c5571c3cd6e0f0316
681e3c0d5571c3cd6e0f06a2,sincroniza_con,681e3c0d5571c3cd6e0f0a12
681e3c0d5571c3cd6e0f06a8,sincroniza_con,681e3c0c5571c3cd6e0f03b7
681e3c0d5571c3cd6e0f06a8,sincroniza_con,681e3c0d5571c3cd6e0f0af6
681e3c0d5571c3cd6e0f06ad,sincroniza_con,681e3c0d5571c3cd6e0f08ab
681e3c0d5571c3cd6e0f06ad,sincroniza_con,681e3c0d5571c3cd6e0f0ab9
681e3c0d5571c3cd6e0f06ad,sincroniza_con,681e3c0c5571c3cd6e0f01f9
681e3c0d5571c3cd6e0f06b2,sincroniza_con,681e3c0d5571c3cd6e0f04e1
681e3c0d5571c3cd6e0f06b2,sincroniza_con,681e3c0d5571c3cd6e0f078c
681e3c0d5571c3cd6e0f06b2,sincroniza_con,681e3c0d5571c3cd6e0f04dd
681e3c0d5571c3cd6e0f06b5,sincroniza_con,681e3c0d5571c3cd6e0f077e
681e3c0d5571c3cd6e0f06b9,sincroniza_con,681e3c0c5571c3cd6e0f0368
681e3c0d5571c3cd6e0f06b9,sincroniza_con,681e3c0d5571c3cd6e0f0734
681e3c0d5571c3cd6e0f06b9,sincroniza_con,681e3c0d5571c3cd6e0f0847
681e3c0d5571c3cd6e0f06df,sincroniza_con,681e3c0c5571c3cd6e0f03b2
681e3c0d5571c3cd6e0f06e1,sincroniza_con,681e3c0d5571c3cd6e0f098d
681e3c0d5571c3cd6e0f06e3,sincroniza_con,681e3c0c5571c3cd6e0f0261
681e3c0d5571c3cd6e0f06e7,sincroniza_con,681e3c0d5571c3cd6e0f05e8
681e3c0d5571c3cd6e0f06e9,sincroniza_con,681e3c0d5571c3cd6e0f078c
681e3c0d5571c3cd6e0f06e9,sincroniza_con,681e3c0d5571c3cd6e0f0ab5
681e3c0d5571c3cd6e0f06eb,sincroniza_con,681e3c0d5571c3cd6e0f074b
681e3c0d5571c3cd6e0f06f0,sincroniza_con,681e3c0d5571c3cd6e0f0682
681e3c0d5571c3cd6e0f06f0,sincroniza_con,681e3c0d5571c3cd6e0f0738
681e3c0d5571c3cd6e0f06f0,sincroniza_con,681e3c0c5571c3cd6e0f021c
681e3c0d5571c3cd6e0f06f3,sincroniza_con,681e3c0c5571c3cd6e0f0138
681e3c0d5571c3cd6e0f06f3,sincroniza_con,681e3c0d5571c3cd6e0f064a
681e3c0d5571c3cd6e0f06f3,sincroniza_con,681e3c0d5571c3cd6e0f03e1
681e3c0d5571c3cd6e0f06f9,sincroniza_con,681e3c0d5571c3cd6e0f0577
681e3c0d5571c3cd6e0f06fd,sincroniza_con,681e3c0d5571c3cd6e0f075a
681e3c0d5571c3cd6e0f0703,sincroniza_con,681e3c0d5571c3cd6e0f0604
681e3c0d5571c3cd6e0f0707,sincroniza_con,681e3c0d5571c3cd6e0f0a12
681e3c0d5571c3cd6e0f0709,sincroniza_con,681e3c0d5571c3cd6e0f094b
681e3c0d5571c3cd6e0f070e,sincroniza_con,681e3c0c5571c3cd6e0f013e
681e3c0d5571c3cd6e0f070e,sincroniza_con,681e3c0d5571c3cd6e0f0645
681e3c0d5571c3cd6e0f0732,sincroniza_con,681e3c0d5571c3cd6e0f07b7
681e3c0d5571c3cd6e0f0732,sincroniza_con,681e3c0d5571c3cd6e0f0445
681e3c0d5571c3cd6e0f0732,sincroniza_con,681e3c0d5571c3cd6e0f09d0
681e3c0d5571c3cd6e0f0734,sincroniza_con,681e3c0d5571c3cd6e0f0bd2
681e3c0d5571c3cd6e0f0734,sincroniza_con,681e3c0d5571c3cd6e0f0a78
681e3c0d5571c3cd6e0f0734,sincroniza_con,681e3c0d5571c3cd6e0f040c
681e3c0d5571c3cd6e0f0738,sincroniza_con,681e3c0c5571c3cd6e0f0322
681e3c0d5571c3cd6e0f0738,sincroniza_con,681e3c0d5571c3cd6e0f0b43
681e3c0d5571c3cd6e0f073d,sincroniza_con,681e3c0c5571c3cd6e0f0370
681e3c0d5571c3cd6e0f073d,sincroniza_con,681e3c0c5571c3cd6e0f031c
681e3c0d5571c3cd6e0f0741,sincroniza_con,681e3c0d5571c3cd6e0f0c30
681e3c0d5571c3cd6e0f0743,sincroniza_con,681e3c0c5571c3cd6e0f02e6
681e3c0d5571c3cd6e0f0743,sincroniza_con,681e3c0d5571c3cd6e0f0a78
681e3c0d5571c3cd6e0f0747,sincroniza_con,681e3c0d5571c3cd6e0f098f
681e3c0d5571c3cd6e0f074b,sincroniza_con,681e3c0d5571c3cd6e0f0781
681e3c0d5571c3cd6e0f074f,sincroniza_con,681e3c0c5571c3cd6e0f0277
681e3c0d5571c3cd6e0f074f,sincroniza_con,681e3c0d5571c3cd6e0f0579
681e3c0d5571c3cd6e0f0753,sincroniza_con,681e3c0d5571c3cd6e0f07bb
681e3c0d5571c3cd6e0f0756,sincroniza_con,681e3c0c5571c3cd6e0f035f
681e3c0d5571c3cd6e0f0756,sincroniza_con,681e3c0d5571c3cd6e0f050c
681e3c0d5571c3cd6e0f075a,sincroniza_con,681e3c0d5571c3cd6e0f0b41
681e3c0d5571c3cd6e0f075a,sincroniza_con,681e3c0d5571c3cd6e0f0577
681e3c0d5571c3cd6e0f077e,sincroniza_con,681e3c0c5571c3cd6e0f035f
681e3c0d5571c3cd6e0f0781,sincroniza_con,681e3c0c5571c3cd6e0f034c
681e3c0d5571c3cd6e0f0787,sincroniza_con,681e3c0d5571c3cd6e0f0594
681e3c0d5571c3cd6e0f0787,sincroniza_con,681e3c0d5571c3cd6e0f0a21
681e3c0d5571c3cd6e0f078c,sincroniza_con,681e3c0d5571c3cd6e0f08f3
681e3c0d5571c3cd6e0f0792,sincroniza_con,681e3c0c5571c3cd6e0f0214
681e3c0d5571c3cd6e0f0798,sincroniza_con,681e3c0d5571c3cd6e0f0afd
681e3c0d5571c3cd6e0f079b,sincroniza_con,681e3c0c5571c3cd6e0f0254
681e3c0d5571c3cd6e0f079b,sincroniza_con,681e3c0d5571c3cd6e0f091d
681e3c0d5571c3cd6e0f079b,sincroniza_con,681e3c0d5571c3cd6e0f06eb
681e3c0d5571c3cd6e0f079f,sincroniza_con,681e3c0d5571c3cd6e0f05e2
681e3c0d5571c3cd6e0f079f,sincroniza_con,681e3c0d5571c3cd6e0f0947
681e3c0d5571c3cd6e0f079f,sincroniza_con,681e3c0d5571c3cd6e0f0c2c
681e3c0d5571c3cd6e0f07a4,sincroniza_con,681e3c0d5571c3cd6e0f07e1
681e3c0d5571c3cd6e0f07a4,sincroniza_con,681e3c0c5571c3cd6e0f0183
681e3c0d5571c3cd6e0f07a7,sincroniza_con,681e3c0d5571c3cd6e0f0851
681e3c0d5571c3cd6e0f07aa,sincroniza_con,681e3c0d5571c3cd6e0f0947
681e3c0d5571c3cd6e0f07aa,sincroniza_con,681e3c0d5571c3cd6e0f03f8
681e3c0d5571c3cd6e0f07aa,sincroniza_con,681e3c0d5571c3cd6e0f06a2
681e3c0d5571c3cd6e0f07ad,sincroniza_con,681e3c0c5571c3cd6e0f02e6
681e3c0d5571c3cd6e0f07ad,sincroniza_con,681e3c0d5571c3cd6e0f057f
681e3c0d5571c3cd6e0f07ad,sincroniza_con,681e3c0d5571c3cd6e0f0753
681e3c0d5571c3cd6e0f07b2,sincroniza_con,681e3c0d5571c3cd6e0f0a78
681e3c0d5571c3cd6e0f07b2,sincroniza_con,681e3c0d5571c3cd6e0f098d
681e3c0d5571c3cd6e0f07b2,sincroniza_con,681e3c0d5571c3cd6e0f08f1
681e3c0d5571c3cd6e0f07b7,sincroniza_con,681e3c0d5571c3cd6e0f0529
681e3c0d5571c3cd6e0f07bb,sincroniza_con,681e3c0d5571c3cd6e0f0b91
681e3c0d5571c3cd6e0f07bb,sincroniza_con,681e3c0d5571c3cd6e0f0a37
681e3c0d5571c3cd6e0f07df,sincroniza_con,681e3c0c5571c3cd6e0f0183
681e3c0d5571c3cd6e0f07df,sincroniza_con,681e3c0d5571c3cd6e0f093d
681e3c0d5571c3cd6e0f07e1,sincroniza_con,681e3c0d5571c3cd6e0f0b00
681e3c0d5571c3cd6e0f07e1,sincroniza_con,681e3c0d5571c3cd6e0f0923
681e3c0d5571c3cd6e0f07e1,sincroniza_con,681e3c0c5571c3cd6e0f02b0
681e3c0d5571c3cd6e0f07e7,sincroniza_con,681e3c0d5571c3cd6e0f0583
681e3c0d5571c3cd6e0f07e7,sincroniza_con,681e3c0d5571c3cd6e0f0bd2
681e3c0d5571c3cd6e0f07e7,sincroniza_con,681e3c0d5571c3cd6e0f0531
681e3c0d5571c3cd6e0f07e9,sincroniza_con,681e3c0d5571c3cd6e0f089a
681e3c0d5571c3cd6e0f07ec,sincroniza_con,681e3c0d5571c3cd6e0f03f8
681e3c0d5571c3cd6e0f07ec,sincroniza_con,681e3c0d5571c3cd6e0f0bc5
681e3c0d5571c3cd6e0f07ec,sincroniza_con,681e3c0c5571c3cd6e0f0304
681e3c0d5571c3cd6e0f07f0,sincroniza_con,681e3c0d5571c3cd6e0f0bd7
681e3c0d5571c3cd6e0f07f0,sincroniza_con,681e3c0d5571c3cd6e0f0a12
681e3c0d5571c3cd6e0f07f0,sincroniza_con,681e3c0d5571c3cd6e0f0b88
681e3c0d5571c3cd6e0f07f6,sincroniza_con,681e3c0c5571c3cd6e0f014b
681e3c0d5571c3cd6e0f07f6,sincroniza_con,681e3c0d5571c3cd6e0f06e9
681e3c0d5571c3cd6e0f07f9,sincroniza_con,681e3c0d5571c3cd6e0f0847
681e3c0d5571c3cd6e0f07f9,sincroniza_con,681e3c0d5571c3cd6e0f03f8
681e3c0d5571c3cd6e0f07f9,sincroniza_con,681e3c0d5571c3cd6e0f07bb
681e3c0d5571c3cd6e0f07fe,sincroniza_con,681e3c0d5571c3cd6e0f0947
681e3c0d5571c3cd6e0f07fe,sincroniza_con,681e3c0c5571c3cd6e0f02a4
681e3c0d5571c3cd6e0f07fe,sincroniza_con,681e3c0d5571c3cd6e0f0496
681e3c0d5571c3cd6e0f0802,sincroniza_con,681e3c0d5571c3cd6e0f0c28
681e3c0d5571c3cd6e0f0806,sincroniza_con,681e3c0d5571c3cd6e0f0992
681e3c0d5571c3cd6e0f082f,sincroniza_con,681e3c0d5571c3cd6e0f0604
681e3c0d5571c3cd6e0f082f,sincroniza_con,681e3c0d5571c3cd6e0f048a
681e3c0d5571c3cd6e0f082f,sincroniza_con,681e3c0d5571c3cd6e0f07e9
681e3c0d5571c3cd6e0f0835,sincroniza_con,681e3c0d5571c3cd6e0f0c30
681e3c0d5571c3cd6e0f0835,sincroniza_con,681e3c0d5571c3cd6e0f0afd
681e3c0d5571c3cd6e0f0837,sincroniza_con,681e3c0d5571c3cd6e0f0a2f
681e3c0d5571c3cd6e0f0837,sincroniza_con,681e3c0c5571c3cd6e0f013c
681e3c0d5571c3cd6e0f0837,sincroniza_con,681e3c0d5571c3cd6e0f0496
681e3c0d5571c3cd6e0f083b,sincroniza_con,681e3c0c5571c3cd6e0f02f4
681e3c0d5571c3cd6e0f083d,sincroniza_con,681e3c0d5571c3cd6e0f0598
681e3c0d5571c3cd6e0f083d,sincroniza_con,681e3c0c5571c3cd6e0f0264
681e3c0d5571c3cd6e0f0841,sincroniza_con,681e3c0c5571c3cd6e0f02ba
681e3c0d5571c3cd6e0f0841,sincroniza_con,681e3c0d5571c3cd6e0f07ad
681e3c0d5571c3cd6e0f0841,sincroniza_con,681e3c0d5571c3cd6e0f0a2b
681e3c0d5571c3cd6e0f0847,sincroniza_con,681e3c0d5571c3cd6e0f09d0
681e3c0d5571c3cd6e0f0847,sincroniza_con,681e3c0c5571c3cd6e0f01ed
681e3c0d5571c3cd6e0f0847,sincroniza_con,681e3c0d5571c3cd6e0f0c0a
681e3c0d5571c3cd6e0f084a,sincroniza_con,681e3c0d5571c3cd6e0f09d0
681e3c0d5571c3cd6e0f084a,sincroniza_con,681e3c0d5571c3cd6e0f088e
681e3c0d5571c3cd6e0f084e,sincroniza_con,681e3c0d5571c3cd6e0f0992
681e3c0d5571c3cd6e0f0851,sincroniza_con,681e3c0d5571c3cd6e0f0792
681e3c0d5571c3cd6e0f0851,sincroniza_con,681e3c0d5571c3cd6e0f0588
681e3c0d5571c3cd6e0f0851,sincroniza_con,681e3c0d5571c3cd6e0f0ab5
681e3c0d5571c3cd6e0f0853,sincroniza_con,681e3c0d5571c3cd6e0f07b7
681e3c0d5571c3cd6e0f0856,sincroniza_con,681e3c0d5571c3cd6e0f0631
681e3c0d5571c3cd6e0f0856,sincroniza_con,681e3c0c5571c3cd6e0f02b8
681e3c0d5571c3cd6e0f0856,sincroniza_con,681e3c0d5571c3cd6e0f0931
681e3c0d5571c3cd6e0f085c,sincroniza_con,681e3c0d5571c3cd6e0f0534
681e3c0d5571c3cd6e0f0862,sincroniza_con,681e3c0d5571c3cd6e0f074f
681e3c0d5571c3cd6e0f088e,sincroniza_con,681e3c0d5571c3cd6e0f057f
681e3c0d5571c3cd6e0f088e,sincroniza_con,681e3c0c5571c3cd6e0f02fe
681e3c0d5571c3cd6e0f088e,sincroniza_con,681e3c0d5571c3cd6e0f0645
681e3c0d5571c3cd6e0f0892,sincroniza_con,681e3c0d5571c3cd6e0f05fd
681e3c0d5571c3cd6e0f0896,sincroniza_con,681e3c0d5571c3cd6e0f0a16
681e3c0d5571c3cd6e0f0896,sincroniza_con,681e3c0c5571c3cd6e0f0205
681e3c0d5571c3cd6e0f089a,sincroniza_con,681e3c0d5571c3cd6e0f0b82
681e3c0d5571c3cd6e0f089e,sincroniza_con,681e3c0c5571c3cd6e0f0201
681e3c0d5571c3cd6e0f08a1,sincroniza_con,681e3c0d5571c3cd6e0f099f
681e3c0d5571c3cd6e0f08a6,sincroniza_con,681e3c0c5571c3cd6e0f038f
681e3c0d5571c3cd6e0f08a6,sincroniza_con,681e3c0c5571c3cd6e0f014d
681e3c0d5571c3cd6e0f08ab,sincroniza_con,681e3c0d5571c3cd6e0f040e
681e3c0d5571c3cd6e0f08ab,sincroniza_con,681e3c0d5571c3cd6e0f0511
681e3c0d5571c3cd6e0f08b1,sincroniza_con,681e3c0d5571c3cd6e0f0923
681e3c0d5571c3cd6e0f08b1,sincroniza_con,681e3c0c5571c3cd6e0f0304
681e3c0d5571c3cd6e0f08b4,sincroniza_con,681e3c0d5571c3cd6e0f043f
681e3c0d5571c3cd6e0f08e6,sincroniza_con,681e3c0d5571c3cd6e0f0856
681e3c0d5571c3cd6e0f08e6,sincroniza_con,681e3c0c5571c3cd6e0f02e6
681e3c0d5571c3cd6e0f08e6,sincroniza_con,681e3c0d5571c3cd6e0f0983
681e3c0d5571c3cd6e0f08ec,sincroniza_con,681e3c0c5571c3cd6e0f012d
681e3c0d5571c3cd6e0f08ec,sincroniza_con,681e3c0d5571c3cd6e0f0931
681e3c0d5571c3cd6e0f08ef,sincroniza_con,681e3c0d5571c3cd6e0f0738
681e3c0d5571c3cd6e0f08f1,sincroniza_con,681e3c0c5571c3cd6e0f03b7
681e3c0d5571c3cd6e0f08f1,sincroniza_con,681e3c0d5571c3cd6e0f07ec
681e3c0d5571c3cd6e0f08f1,sincroniza_con,681e3c0d5571c3cd6e0f08a6
681e3c0d5571c3cd6e0f08f3,sincroniza_con,681e3c0d5571c3cd6e0f082f
681e3c0d5571c3cd6e0f091d,sincroniza_con,681e3c0d5571c3cd6e0f08ab
681e3c0d5571c3cd6e0f0920,sincroniza_con,681e3c0c5571c3cd6e0f03aa
681e3c0d5571c3cd6e0f0920,sincroniza_con,681e3c0d5571c3cd6e0f070e
681e3c0d5571c3cd6e0f0923,sincroniza_con,681e3c0d5571c3cd6e0f0633
681e3c0d5571c3cd6e0f0926,sincroniza_con,681e3c0d5571c3cd6e0f0a07
681e3c0d5571c3cd6e0f0926,sincroniza_con,681e3c0c5571c3cd6e0f014d
681e3c0d5571c3cd6e0f092c,sincroniza_con,681e3c0c5571c3cd6e0f02e6
681e3c0d5571c3cd6e0f092c,sincroniza_con,681e3c0d5571c3cd6e0f0400
681e3c0d5571c3cd6e0f092c,sincroniza_con,681e3c0d5571c3cd6e0f03e9
681e3c0d5571c3cd6e0f0931,sincroniza_con,681e3c0d5571c3cd6e0f069c
681e3c0d5571c3cd6e0f0937,sincroniza_con,681e3c0d5571c3cd6e0f057f
681e3c0d5571c3cd6e0f0937,sincroniza_con,681e3c0d5571c3cd6e0f04bf
681e3c0d5571c3cd6e0f0937,sincroniza_con,681e3c0c5571c3cd6e0f0140
681e3c0d5571c3cd6e0f093d,sincroniza_con,681e3c0c5571c3cd6e0f024b
681e3c0d5571c3cd6e0f093d,sincroniza_con,681e3c0d5571c3cd6e0f0a2f
681e3c0d5571c3cd6e0f093d,sincroniza_con,681e3c0d5571c3cd6e0f09cc
681e3c0d5571c3cd6e0f0942,sincroniza_con,681e3c0d5571c3cd6e0f0b8e
681e3c0d5571c3cd6e0f0942,sincroniza_con,681e3c0c5571c3cd6e0f036c
681e3c0d5571c3cd6e0f0947,sincroniza_con,681e3c0d5571c3cd6e0f063f
681e3c0d5571c3cd6e0f0947,sincroniza_con,681e3c0c5571c3cd6e0f0277
681e3c0d5571c3cd6e0f0947,sincroniza_con,681e3c0d5571c3cd6e0f05ee
681e3c0d5571c3cd6e0f094b,sincroniza_con,681e3c0d5571c3cd6e0f0bcd
681e3c0d5571c3cd6e0f094b,sincroniza_con,681e3c0d5571c3cd6e0f04e1
681e3c0d5571c3cd6e0f0951,sincroniza_con,681e3c0c5571c3cd6e0f01ff
681e3c0d5571c3cd6e0f0951,sincroniza_con,681e3c0c5571c3cd6e0f03aa
681e3c0d5571c3cd6e0f0956,sincroniza_con,681e3c0d5571c3cd6e0f089e
681e3c0d5571c3cd6e0f0956,sincroniza_con,681e3c0d5571c3cd6e0f0bcd
681e3c0d5571c3cd6e0f095a,sincroniza_con,681e3c0c5571c3cd6e0f01ca
681e3c0d5571c3cd6e0f095a,sincroniza_con,681e3c0c5571c3cd6e0f03aa
681e3c0d5571c3cd6e0f0980,sincroniza_con,681e3c0c5571c3cd6e0f02ef
681e3c0d5571c3cd6e0f0983,sincroniza_con,681e3c0c5571c3cd6e0f0251
681e3c0d5571c3cd6e0f0988,sincroniza_con,681e3c0d5571c3cd6e0f0a0e
681e3c0d5571c3cd6e0f098d,sincroniza_con,681e3c0d5571c3cd6e0f0734
681e3c0d5571c3cd6e0f098d,sincroniza_con,681e3c0d5571c3cd6e0f084e
681e3c0d5571c3cd6e0f098d,sincroniza_con,681e3c0d5571c3cd6e0f068c
681e3c0d5571c3cd6e0f098f,sincroniza_con,681e3c0c5571c3cd6e0f025f
681e3c0d5571c3cd6e0f0992,sincroniza_con,681e3c0c5571c3cd6e0f018a
681e3c0d5571c3cd6e0f0992,sincroniza_con,681e3c0c5571c3cd6e0f0355
681e3c0d5571c3cd6e0f0994,sincroniza_con,681e3c0d5571c3cd6e0f0b88
681e3c0d5571c3cd6e0f0994,sincroniza_con,681e3c0d5571c3cd6e0f06eb
681e3c0d5571c3cd6e0f0999,sincroniza_con,681e3c0d5571c3cd6e0f0579
681e3c0d5571c3cd6e0f0999,sincroniza_con,681e3c0c5571c3cd6e0f0322
681e3c0d5571c3cd6e0f0999,sincroniza_con,681e3c0d5571c3cd6e0f06b5
681e3c0d5571c3cd6e0f099f,sincroniza_con,681e3c0d5571c3cd6e0f0b88
681e3c0d5571c3cd6e0f099f,sincroniza_con,681e3c0c5571c3cd6e0f02b8
681e3c0d5571c3cd6e0f099f,sincroniza_con,681e3c0d5571c3cd6e0f063f
681e3c0d5571c3cd6e0f09c2,sincroniza_con,681e3c0c5571c3cd6e0f02e6
681e3c0d5571c3cd6e0f09c2,sincroniza_con,681e3c0d5571c3cd6e0f07df
681e3c0d5571c3cd6e0f09c2,sincroniza_con,681e3c0d5571c3cd6e0f0a1b
681e3c0d5571c3cd6e0f09c7,sincroniza_con,681e3c0c5571c3cd6e0f0365
681e3c0d5571c3cd6e0f09c7,sincroniza_con,681e3c0d5571c3cd6e0f07bb
681e3c0d5571c3cd6e0f09ca,sincroniza_con,681e3c0d5571c3cd6e0f0a1b
681e3c0d5571c3cd6e0f09cc,sincroniza_con,681e3c0d5571c3cd6e0f05e6
681e3c0d5571c3cd6e0f09cc,sincroniza_con,681e3c0d5571c3cd6e0f0a07
681e3c0d5571c3cd6e0f09d0,sincroniza_con,681e3c0d5571c3cd6e0f08a1
681e3c0d5571c3cd6e0f09d4,sincroniza_con,681e3c0d5571c3cd6e0f0a27
681e3c0d5571c3cd6e0f09fe,sincroniza_con,681e3c0c5571c3cd6e0f0322
681e3c0d5571c3cd6e0f0a02,sincroniza_con,681e3c0d5571c3cd6e0f08f3
681e3c0d5571c3cd6e0f0a02,sincroniza_con,681e3c0d5571c3cd6e0f0407
681e3c0d5571c3cd6e0f0a07,sincroniza_con,681e3c0d5571c3cd6e0f083b
681e3c0d5571c3cd6e0f0a0a,sincroniza_con,681e3c0c5571c3cd6e0f0251
681e3c0d5571c3cd6e0f0a0e,sincroniza_con,681e3c0d5571c3cd6e0f0531
681e3c0d5571c3cd6e0f0a0e,sincroniza_con,681e3c0d5571c3cd6e0f0522
681e3c0d5571c3cd6e0f0a0e,sincroniza_con,681e3c0d5571c3cd6e0f04d7
681e3c0d5571c3cd6e0f0a12,sincroniza_con,681e3c0c5571c3cd6e0f01bc
681e3c0d5571c3cd6e0f0a16,sincroniza_con,681e3c0d5571c3cd6e0f05f2
681e3c0d5571c3cd6e0f0a16,sincroniza_con,681e3c0d5571c3cd6e0f0802
681e3c0d5571c3cd6e0f0a1b,sincroniza_con,681e3c0d5571c3cd6e0f0756
681e3c0d5571c3cd6e0f0a21,sincroniza_con,681e3c0d5571c3cd6e0f07aa
681e3c0d5571c3cd6e0f0a27,sincroniza_con,681e3c0d5571c3cd6e0f0afa
681e3c0d5571c3cd6e0f0a2b,sincroniza_con,681e3c0d5571c3cd6e0f089e
681e3c0d5571c3cd6e0f0a2b,sincroniza_con,681e3c0d5571c3cd6e0f03f2
681e3c0d5571c3cd6e0f0a2f,sincroniza_con,681e3c0d5571c3cd6e0f04da
681e3c0d5571c3cd6e0f0a2f,sincroniza_con,681e3c0c5571c3cd6e0f02ba
681e3c0d5571c3cd6e0f0a2f,sincroniza_con,681e3c0d5571c3cd6e0f0ab9
681e3c0d5571c3cd6e0f0a32,sincroniza_con,681e3c0d5571c3cd6e0f0583
681e3c0d5571c3cd6e0f0a37,sincroniza_con,681e3c0d5571c3cd6e0f0c06
681e3c0d5571c3cd6e0f0a37,sincroniza_con,681e3c0d5571c3cd6e0f0b4f
681e3c0d5571c3cd6e0f0a37,sincroniza_con,681e3c0d5571c3cd6e0f089e
681e3c0d5571c3cd6e0f0a57,sincroniza_con,681e3c0d5571c3cd6e0f089a
681e3c0d5571c3cd6e0f0a57,sincroniza_con,681e3c0d5571c3cd6e0f085c
681e3c0d5571c3cd6e0f0a5d,sincroniza_con,681e3c0d5571c3cd6e0f0a1b
681e3c0d5571c3cd6e0f0a62,sincroniza_con,681e3c0c5571c3cd6e0f01bf
681e3c0d5571c3cd6e0f0a62,sincroniza_con,681e3c0d5571c3cd6e0f05fd
681e3c0d5571c3cd6e0f0a62,sincroniza_con,681e3c0d5571c3cd6e0f06e7
681e3c0d5571c3cd6e0f0a66,sincroniza_con,681e3c0c5571c3cd6e0f0269
681e3c0d5571c3cd6e0f0a6c,sincroniza_con,681e3c0c5571c3cd6e0f01c4
681e3c0d5571c3cd6e0f0a6c,sincroniza_con,681e3c0d5571c3cd6e0f089a
681e3c0d5571c3cd6e0f0a72,sincroniza_con,681e3c0c5571c3cd6e0f01c4
681e3c0d5571c3cd6e0f0a72,sincroniza_con,681e3c0d5571c3cd6e0f0923
681e3c0d5571c3cd6e0f0a72,sincroniza_con,681e3c0d5571c3cd6e0f0c17
681e3c0d5571c3cd6e0f0a78,sincroniza_con,681e3c0d5571c3cd6e0f0c30
681e3c0d5571c3cd6e0f0a78,sincroniza_con,681e3c0c5571c3cd6e0f0251
681e3c0d5571c3cd6e0f0a78,sincroniza_con,681e3c0c5571c3cd6e0f02fa
681e3c0d5571c3cd6e0f0a7a,sincroniza_con,681e3c0c5571c3cd6e0f0316
681e3c0d5571c3cd6e0f0a7a,sincroniza_con,681e3c0d5571c3cd6e0f058e
681e3c0d5571c3cd6e0f0aa2,sincroniza_con,681e3c0d5571c3cd6e0f0b46
681e3c0d5571c3cd6e0f0aa2,sincroniza_con,681e3c0d5571c3cd6e0f0a78
681e3c0d5571c3cd6e0f0aa7,sincroniza_con,681e3c0d5571c3cd6e0f08f1
681e3c0d5571c3cd6e0f0aad,sincroniza_con,681e3c0d5571c3cd6e0f0c06
681e3c0d5571c3cd6e0f0ab0,sincroniza_con,681e3c0d5571c3cd6e0f04b7
681e3c0d5571c3cd6e0f0ab0,sincroniza_con,681e3c0d5571c3cd6e0f0a78
681e3c0d5571c3cd6e0f0ab0,sincroniza_con,681e3c0d5571c3cd6e0f068c
681e3c0d5571c3cd6e0f0ab5,sincroniza_con,681e3c0d5571c3cd6e0f0753
681e3c0d5571c3cd6e0f0ab5,sincroniza_con,681e3c0c5571c3cd6e0f01cd
681e3c0d5571c3cd6e0f0ab9,sincroniza_con,681e3c0d5571c3cd6e0f03f4
681e3c0d5571c3cd6e0f0abd,sincroniza_con,681e3c0d5571c3cd6e0f091d
681e3c0d5571c3cd6e0f0abd,sincroniza_con,681e3c0d5571c3cd6e0f0798
681e3c0d5571c3cd6e0f0abd,sincroniza_con,681e3c0d5571c3cd6e0f0c21
681e3c0d5571c3cd6e0f0aec,sincroniza_con,681e3c0c5571c3cd6e0f0271
681e3c0d5571c3cd6e0f0aec,sincroniza_con,681e3c0c5571c3cd6e0f01bc
681e3c0d5571c3cd6e0f0af2,sincroniza_con,681e3c0d5571c3cd6e0f0862
681e3c0d5571c3cd6e0f0af2,sincroniza_con,681e3c0c5571c3cd6e0f0368
681e3c0d5571c3cd6e0f0af2,sincroniza_con,681e3c0d5571c3cd6e0f0594
681e3c0d5571c3cd6e0f0af6,sincroniza_con,681e3c0d5571c3cd6e0f07a7
681e3c0d5571c3cd6e0f0af6,sincroniza_con,681e3c0d5571c3cd6e0f06b5
681e3c0d5571c3cd6e0f0afa,sincroniza_con,681e3c0d5571c3cd6e0f0538
681e3c0d5571c3cd6e0f0afd,sincroniza_con,681e3c0d5571c3cd6e0f0856
681e3c0d5571c3cd6e0f0b00,sincroniza_con,681e3c0d5571c3cd6e0f053a
681e3c0d5571c3cd6e0f0b06,sincroniza_con,681e3c0d5571c3cd6e0f0691
681e3c0d5571c3cd6e0f0b06,sincroniza_con,681e3c0d5571c3cd6e0f083b
681e3c0d5571c3cd6e0f0b06,sincroniza_con,681e3c0c5571c3cd6e0f02b2
681e3c0d5571c3cd6e0f0b0a,sincroniza_con,681e3c0d5571c3cd6e0f04bb
681e3c0d5571c3cd6e0f0b0a,sincroniza_con,681e3c0c5571c3cd6e0f0214
681e3c0d5571c3cd6e0f0b0a,sincroniza_con,681e3c0d5571c3cd6e0f0920
681e3c0d5571c3cd6e0f0b0d,sincroniza_con,681e3c0d5571c3cd6e0f06a8
681e3c0d5571c3cd6e0f0b12,sincroniza_con,681e3c0d5571c3cd6e0f09ca
681e3c0d5571c3cd6e0f0b12,sincroniza_con,681e3c0d5571c3cd6e0f0a66
681e3c0d5571c3cd6e0f0b41,sincroniza_con,681e3c0d5571c3cd6e0f07df
681e3c0d5571c3cd6e0f0b43,sincroniza_con,681e3c0d5571c3cd6e0f070e
681e3c0d5571c3cd6e0f0b43,sincroniza_con,681e3c0d5571c3cd6e0f08e6
681e3c0d5571c3cd6e0f0b46,sincroniza_con,681e3c0c5571c3cd6e0f02b0
681e3c0d5571c3cd6e0f0b4c,sincroniza_con,681e3c0d5571c3cd6e0f07a7
681e3c0d5571c3cd6e0f0b4c,sincroniza_con,681e3c0c5571c3cd6e0f020c
681e3c0d5571c3cd6e0f0b4c,sincroniza_con,681e3c0c5571c3cd6e0f03b7
681e3c0d5571c3cd6e0f0b4f,sincroniza_con,681e3c0d5571c3cd6e0f05dc
681e3c0d5571c3cd6e0f0b4f,sincroniza_con,681e3c0d5571c3cd6e0f0738
681e3c0d5571c3cd6e0f0b53,sincroniza_con,681e3c0c5571c3cd6e0f01fd
681e3c0d5571c3cd6e0f0b53,sincroniza_con,681e3c0d5571c3cd6e0f0633
681e3c0d5571c3cd6e0f0b82,sincroniza_con,681e3c0c5571c3cd6e0f0277
681e3c0d5571c3cd6e0f0b82,sincroniza_con,681e3c0d5571c3cd6e0f08a6
681e3c0d5571c3cd6e0f0b88,sincroniza_con,681e3c0d5571c3cd6e0f08ec
681e3c0d5571c3cd6e0f0b88,sincroniza_con,681e3c0c5571c3cd6e0f02fe
681e3c0d5571c3cd6e0f0b8c,sincroniza_con,681e3c0d5571c3cd6e0f03fc
681e3c0d5571c3cd6e0f0b8c,sincroniza_con,681e3c0d5571c3cd6e0f05d0
681e3c0d5571c3cd6e0f0b8c,sincroniza_con,681e3c0d5571c3cd6e0f06f0
681e3c0d5571c3cd6e0f0b8e,sincroniza_con,681e3c0d5571c3cd6e0f0a7a
681e3c0d5571c3cd6e0f0b8e,sincroniza_con,681e3c0d5571c3cd6e0f0697
681e3c0d5571c3cd6e0f0b91,sincroniza_con,681e3c0c5571c3cd6e0f03b2
681e3c0d5571c3cd6e0f0b91,sincroniza_con,681e3c0d5571c3cd6e0f05f2
681e3c0d5571c3cd6e0f0b91,sincroniza_con,681e3c0d5571c3cd6e0f0536
681e3c0d5571c3cd6e0f0b97,sincroniza_con,681e3c0c5571c3cd6e0f02ab
681e3c0d5571c3cd6e0f0bbf,sincroniza_con,681e3c0d5571c3cd6e0f06a8
681e3c0d5571c3cd6e0f0bc3,sincroniza_con,681e3c0d5571c3cd6e0f0c28
681e3c0d5571c3cd6e0f0bc5,sincroniza_con,681e3c0c5571c3cd6e0f0201
681e3c0d5571c3cd6e0f0bc9,sincroniza_con,681e3c0d5571c3cd6e0f067b
681e3c0d5571c3cd6e0f0bc9,sincroniza_con,681e3c0d5571c3cd6e0f06fd
681e3c0d5571c3cd6e0f0bcd,sincroniza_con,681e3c0d5571c3cd6e0f098d
681e3c0d5571c3cd6e0f0bd2,sincroniza_con,681e3c0d5571c3cd6e0f0531
681e3c0d5571c3cd6e0f0bd7,sincroniza_con,681e3c0c5571c3cd6e0f0304
681e3c0d5571c3cd6e0f0bd7,sincroniza_con,681e3c0d5571c3cd6e0f0741
681e3c0d5571c3cd6e0f0bd7,sincroniza_con,681e3c0d5571c3cd6e0f074f
681e3c0d5571c3cd6e0f0c06,sincroniza_con,681e3c0d5571c3cd6e0f0ab5
681e3c0d5571c3cd6e0f0c06,sincroniza_con,681e3c0d5571c3cd6e0f0b0a
681e3c0d5571c3cd6e0f0c0a,sincroniza_con,681e3c0d5571c3cd6e0f07f9
681e3c0d5571c3cd6e0f0c0a,sincroniza_con,681e3c0d5571c3cd6e0f0a02
681e3c0d5571c3cd6e0f0c0f,sincroniza_con,681e3c0d5571c3cd6e0f094b
681e3c0d5571c3cd6e0f0c0f,sincroniza_con,681e3c0d5571c3cd6e0f0517
681e3c0d5571c3cd6e0f0c0f,sincroniza_con,681e3c0d5571c3cd6e0f03f4
681e3c0d5571c3cd6e0f0c12,sincroniza_con,681e3c0c5571c3cd6e0f02a9
681e3c0d5571c3cd6e0f0c12,sincroniza_con,681e3c0c5571c3cd6e0f014b
681e3c0d5571c3cd6e0f0c12,sincroniza_con,681e3c0d5571c3cd6e0f0691
681e3c0d5571c3cd6e0f0c17,sincroniza_con,681e3c0d5571c3cd6e0f057f
681e3c0d5571c3cd6e0f0c17,sincroniza_con,681e3c0d5571c3cd6e0f040e
681e3c0d5571c3cd6e0f0c1d,sincroniza_con,681e3c0d5571c3cd6e0f0636
681e3c0d5571c3cd6e0f0c21,sincroniza_con,681e3c0d5571c3cd6e0f09d4
681e3c0d5571c3cd6e0f0c25,sincroniza_con,681e3c0c5571c3cd6e0f02ba
681e3c0d5571c3cd6e0f0c25,sincroniza_con,681e3c0c5571c3cd6e0f038f
681e3c0d5571c3cd6e0f0c25,sincroniza_con,681e3c0d5571c3cd6e0f05f2
681e3c0d5571c3cd6e0f0c28,sincroniza_con,681e3c0d5571c3cd6e0f05dc
681e3c0d5571c3cd6e0f0c28,sincroniza_con,681e3c0d5571c3cd6e0f0538
681e3c0d5571c3cd6e0f0c28,sincroniza_con,681e3c0d5571c3cd6e0f0994
681e3c0d5571c3cd6e0f0c2c,sincroniza_con,681e3c0c5571c3cd6e0f0208
681e3c0d5571c3cd6e0f0c30,sincroniza_con,681e3c0c5571c3cd6e0f0218
681e3c0d5571c3cd6e0f0c30,sincroniza_con,681e3c0d5571c3cd6e0f099f
681e3c0d5571c3cd6e0f0c30,sincroniza_con,681e3c0d5571c3cd6e0f0454
681e3c0c5571c3cd6e0f0153,sincroniza_con,681e3c0d5571c3cd6e0f0a80
681e3c0c5571c3cd6e0f0158,sincroniza_con,681e3c0d5571c3cd6e0f0417
681e3c0c5571c3cd6e0f0158,sincroniza_con,681e3c0c5571c3cd6e0f0194
681e3c0c5571c3cd6e0f015d,sincroniza_con,681e3c0d5571c3cd6e0f0b16
681e3c0c5571c3cd6e0f018f,sincroniza_con,681e3c0d5571c3cd6e0f080a
681e3c0c5571c3cd6e0f018f,sincroniza_con,681e3c0d5571c3cd6e0f09d7
681e3c0c5571c3cd6e0f018f,sincroniza_con,681e3c0d5571c3cd6e0f0653
681e3c0c5571c3cd6e0f0194,sincroniza_con,681e3c0c5571c3cd6e0f037b
681e3c0c5571c3cd6e0f0194,sincroniza_con,681e3c0d5571c3cd6e0f0ba7
681e3c0c5571c3cd6e0f0199,sincroniza_con,681e3c0d5571c3cd6e0f0b5f
681e3c0c5571c3cd6e0f019f,sincroniza_con,681e3c0d5571c3cd6e0f0ba1
681e3c0c5571c3cd6e0f019f,sincroniza_con,681e3c0d5571c3cd6e0f06bf
681e3c0c5571c3cd6e0f01a2,sincroniza_con,681e3c0d5571c3cd6e0f045b
681e3c0c5571c3cd6e0f01a2,sincroniza_con,681e3c0d5571c3cd6e0f05ad
681e3c0c5571c3cd6e0f01a2,sincroniza_con,681e3c0d5571c3cd6e0f0b16
681e3c0c5571c3cd6e0f01a6,sincroniza_con,681e3c0d5571c3cd6e0f08c2
681e3c0c5571c3cd6e0f01a6,sincroniza_con,681e3c0d5571c3cd6e0f09a7
681e3c0c5571c3cd6e0f01a6,sincroniza_con,681e3c0c5571c3cd6e0f0225
681e3c0c5571c3cd6e0f01d8,sincroniza_con,681e3c0c5571c3cd6e0f018f
681e3c0c5571c3cd6e0f01d8,sincroniza_con,681e3c0d5571c3cd6e0f0864
681e3c0c5571c3cd6e0f01d8,sincroniza_con,681e3c0c5571c3cd6e0f03bd
681e3c0c5571c3cd6e0f0225,sincroniza_con,681e3c0c5571c3cd6e0f015d
681e3c0c5571c3cd6e0f0225,sincroniza_con,681e3c0d5571c3cd6e0f09e3
681e3c0c5571c3cd6e0f0225,sincroniza_con,681e3c0d5571c3cd6e0f09ab
681e3c0c5571c3cd6e0f027a,sincroniza_con,681e3c0c5571c3cd6e0f037b
681e3c0c5571c3cd6e0f02bf,sincroniza_con,681e3c0c5571c3cd6e0f03c5
681e3c0c5571c3cd6e0f02bf,sincroniza_con,681e3c0d5571c3cd6e0f080a
681e3c0c5571c3cd6e0f02c3,sincroniza_con,681e3c0d5571c3cd6e0f0a3c
681e3c0c5571c3cd6e0f02c3,sincroniza_con,681e3c0d5571c3cd6e0f0c36
681e3c0c5571c3cd6e0f02c3,sincroniza_con,681e3c0d5571c3cd6e0f0c3e
681e3c0c5571c3cd6e0f02c7,sincroniza_con,681e3c0c5571c3cd6e0f0225
681e3c0c5571c3cd6e0f02c7,sincroniza_con,681e3c0d5571c3cd6e0f0864
681e3c0c5571c3cd6e0f02c7,sincroniza_con,681e3c0d5571c3cd6e0f0b16
681e3c0c5571c3cd6e0f0324,sincroniza_con,681e3c0c5571c3cd6e0f03bd
681e3c0c5571c3cd6e0f0324,sincroniza_con,681e3c0d5571c3cd6e0f0415
681e3c0c5571c3cd6e0f0324,sincroniza_con,681e3c0c5571c3cd6e0f019f
681e3c0c5571c3cd6e0f0328,sincroniza_con,681e3c0d5571c3cd6e0f09d7
681e3c0c5571c3cd6e0f0328,sincroniza_con,681e3c0d5571c3cd6e0f0b19
681e3c0c5571c3cd6e0f032a,sincroniza_con,681e3c0c5571c3cd6e0f02bf
681e3c0c5571c3cd6e0f032a,sincroniza_con,681e3c0d5571c3cd6e0f059c
681e3c0c5571c3cd6e0f032d,sincroniza_con,681e3c0d5571c3cd6e0f08bf
681e3c0c5571c3cd6e0f032d,sincroniza_con,681e3c0c5571c3cd6e0f0225
681e3c0c5571c3cd6e0f032d,sincroniza_con,681e3c0d5571c3cd6e0f0464
681e3c0c5571c3cd6e0f0376,sincroniza_con,681e3c0d5571c3cd6e0f05ad
681e3c0c5571c3cd6e0f0376,sincroniza_con,681e3c0d5571c3cd6e0f0bdd
681e3c0c5571c3cd6e0f037b,sincroniza_con,681e3c0d5571c3cd6e0f0a80
681e3c0c5571c3cd6e0f037e,sincroniza_con,681e3c0c5571c3cd6e0f0324
681e3c0c5571c3cd6e0f0380,sincroniza_con,681e3c0d5571c3cd6e0f080a
681e3c0c5571c3cd6e0f03bd,sincroniza_con,681e3c0d5571c3cd6e0f0a86
681e3c0c5571c3cd6e0f03bd,sincroniza_con,681e3c0d5571c3cd6e0f07c6
681e3c0c5571c3cd6e0f03bf,sincroniza_con,681e3c0c5571c3cd6e0f02c3
681e3c0c5571c3cd6e0f03c5,sincroniza_con,681e3c0c5571c3cd6e0f0225
681e3c0c5571c3cd6e0f03c5,sincroniza_con,681e3c0d5571c3cd6e0f09e3
681e3c0d5571c3cd6e0f0411,sincroniza_con,681e3c0d5571c3cd6e0f07c4
681e3c0d5571c3cd6e0f0411,sincroniza_con,681e3c0d5571c3cd6e0f05ad
681e3c0d5571c3cd6e0f0411,sincroniza_con,681e3c0d5571c3cd6e0f0b59
681e3c0d5571c3cd6e0f0415,sincroniza_con,681e3c0d5571c3cd6e0f0655
681e3c0d5571c3cd6e0f0415,sincroniza_con,681e3c0d5571c3cd6e0f0b19
681e3c0d5571c3cd6e0f0415,sincroniza_con,681e3c0d5571c3cd6e0f0551
681e3c0d5571c3cd6e0f0417,sincroniza_con,681e3c0d5571c3cd6e0f049b
681e3c0d5571c3cd6e0f0417,sincroniza_con,681e3c0d5571c3cd6e0f0b59
681e3c0d5571c3cd6e0f0457,sincroniza_con,681e3c0d5571c3cd6e0f054a
681e3c0d5571c3cd6e0f0457,sincroniza_con,681e3c0c5571c3cd6e0f018f
681e3c0d5571c3cd6e0f0459,sincroniza_con,681e3c0c5571c3cd6e0f0153
681e3c0d5571c3cd6e0f0459,sincroniza_con,681e3c0d5571c3cd6e0f08fc
681e3c0d5571c3cd6e0f045b,sincroniza_con,681e3c0d5571c3cd6e0f06bd
681e3c0d5571c3cd6e0f045b,sincroniza_con,681e3c0d5571c3cd6e0f0ba7
681e3c0d5571c3cd6e0f045b,sincroniza_con,681e3c0d5571c3cd6e0f06bf
681e3c0d5571c3cd6e0f0460,sincroniza_con,681e3c0d5571c3cd6e0f0a88
681e3c0d5571c3cd6e0f0460,sincroniza_con,681e3c0d5571c3cd6e0f07c6
681e3c0d5571c3cd6e0f0464,sincroniza_con,681e3c0d5571c3cd6e0f09b3
681e3c0d5571c3cd6e0f0464,sincroniza_con,681e3c0d5571c3cd6e0f05a0
681e3c0d5571c3cd6e0f0464,sincroniza_con,681e3c0c5571c3cd6e0f018f
681e3c0d5571c3cd6e0f049b,sincroniza_con,681e3c0c5571c3cd6e0f037e
681e3c0d5571c3cd6e0f04e6,sincroniza_con,681e3c0c5571c3cd6e0f03c5
681e3c0d5571c3cd6e0f04e6,sincroniza_con,681e3c0c5571c3cd6e0f032a
681e3c0d5571c3cd6e0f0545,sincroniza_con,681e3c0d5571c3cd6e0f08c8
681e3c0d5571c3cd6e0f0545,sincroniza_con,681e3c0d5571c3cd6e0f05ab
681e3c0d5571c3cd6e0f054a,sincroniza_con,681e3c0d5571c3cd6e0f0c36
681e3c0d5571c3cd6e0f054a,sincroniza_con,681e3c0d5571c3cd6e0f07c6
681e3c0d5571c3cd6e0f054c,sincroniza_con,681e3c0d5571c3cd6e0f0bab
681e3c0d5571c3cd6e0f0551,sincroniza_con,681e3c0d5571c3cd6e0f0464
681e3c0d5571c3cd6e0f0553,sincroniza_con,681e3c0c5571c3cd6e0f01a2
681e3c0d5571c3cd6e0f0553,sincroniza_con,681e3c0d5571c3cd6e0f0a88
681e3c0d5571c3cd6e0f059c,sincroniza_con,681e3c0d5571c3cd6e0f09b1
681e3c0d5571c3cd6e0f05a0,sincroniza_con,681e3c0d5571c3cd6e0f09ab
681e3c0d5571c3cd6e0f05a0,sincroniza_con,681e3c0d5571c3cd6e0f0457
681e3c0d5571c3cd6e0f05a0,sincroniza_con,681e3c0d5571c3cd6e0f0b9b
681e3c0d5571c3cd6e0f05a4,sincroniza_con,681e3c0d5571c3cd6e0f0653
681e3c0d5571c3cd6e0f05a4,sincroniza_con,681e3c0d5571c3cd6e0f0714
681e3c0d5571c3cd6e0f05a6,sincroniza_con,681e3c0d5571c3cd6e0f09ab
681e3c0d5571c3cd6e0f05a6,sincroniza_con,681e3c0d5571c3cd6e0f0553
681e3c0d5571c3cd6e0f05a6,sincroniza_con,681e3c0c5571c3cd6e0f032d
681e3c0d5571c3cd6e0f05ab,sincroniza_con,681e3c0d5571c3cd6e0f049b
681e3c0d5571c3cd6e0f05ad,sincroniza_con,681e3c0d5571c3cd6e0f0c42
681e3c0d5571c3cd6e0f060a,sincroniza_con,681e3c0d5571c3cd6e0f0551
681e3c0d5571c3cd6e0f060a,sincroniza_con,681e3c0d5571c3cd6e0f0457
681e3c0d5571c3cd6e0f060d,sincroniza_con,681e3c0d5571c3cd6e0f0551
681e3c0d5571c3cd6e0f060d,sincroniza_con,681e3c0d5571c3cd6e0f0a86
681e3c0d5571c3cd6e0f0651,sincroniza_con,681e3c0d5571c3cd6e0f08c8
681e3c0d5571c3cd6e0f0653,sincroniza_con,681e3c0c5571c3cd6e0f027a
681e3c0d5571c3cd6e0f0653,sincroniza_con,681e3c0d5571c3cd6e0f0b19
681e3c0d5571c3cd6e0f0653,sincroniza_con,681e3c0d5571c3cd6e0f0714
681e3c0d5571c3cd6e0f0655,sincroniza_con,681e3c0d5571c3cd6e0f04e6
681e3c0d5571c3cd6e0f0655,sincroniza_con,681e3c0d5571c3cd6e0f09ab
681e3c0d5571c3cd6e0f06bd,sincroniza_con,681e3c0d5571c3cd6e0f0b19
681e3c0d5571c3cd6e0f06bd,sincroniza_con,681e3c0d5571c3cd6e0f0a80
681e3c0d5571c3cd6e0f06bd,sincroniza_con,681e3c0c5571c3cd6e0f0158
681e3c0d5571c3cd6e0f06bf,sincroniza_con,681e3c0d5571c3cd6e0f0b14
681e3c0d5571c3cd6e0f06bf,sincroniza_con,681e3c0d5571c3cd6e0f0ac5
681e3c0d5571c3cd6e0f06bf,sincroniza_con,681e3c0d5571c3cd6e0f080e
681e3c0d5571c3cd6e0f06c4,sincroniza_con,681e3c0d5571c3cd6e0f0653
681e3c0d5571c3cd6e0f0714,sincroniza_con,681e3c0d5571c3cd6e0f04e6
681e3c0d5571c3cd6e0f0718,sincroniza_con,681e3c0c5571c3cd6e0f01a6
681e3c0d5571c3cd6e0f0718,sincroniza_con,681e3c0d5571c3cd6e0f0411
681e3c0d5571c3cd6e0f071b,sincroniza_con,681e3c0d5571c3cd6e0f0763
681e3c0d5571c3cd6e0f071d,sincroniza_con,681e3c0d5571c3cd6e0f06bd
681e3c0d5571c3cd6e0f075d,sincroniza_con,681e3c0d5571c3cd6e0f05a0
681e3c0d5571c3cd6e0f075d,sincroniza_con,681e3c0d5571c3cd6e0f0960
681e3c0d5571c3cd6e0f075d,sincroniza_con,681e3c0d5571c3cd6e0f0b24
681e3c0d5571c3cd6e0f0763,sincroniza_con,681e3c0d5571c3cd6e0f060d
681e3c0d5571c3cd6e0f0763,sincroniza_con,681e3c0d5571c3cd6e0f054c
681e3c0d5571c3cd6e0f07c1,sincroniza_con,681e3c0d5571c3cd6e0f0545
681e3c0d5571c3cd6e0f07c1,sincroniza_con,681e3c0d5571c3cd6e0f0c3e
681e3c0d5571c3cd6e0f07c4,sincroniza_con,681e3c0d5571c3cd6e0f0457
681e3c0d5571c3cd6e0f07c6,sincroniza_con,681e3c0d5571c3cd6e0f09ab
681e3c0d5571c3cd6e0f080a,sincroniza_con,681e3c0d5571c3cd6e0f09d7
681e3c0d5571c3cd6e0f080a,sincroniza_con,681e3c0d5571c3cd6e0f0864
681e3c0d5571c3cd6e0f080e,sincroniza_con,681e3c0d5571c3cd6e0f0a80
681e3c0d5571c3cd6e0f080e,sincroniza_con,681e3c0d5571c3cd6e0f0b1e
681e3c0d5571c3cd6e0f080e,sincroniza_con,681e3c0d5571c3cd6e0f09da
681e3c0d5571c3cd6e0f0813,sincroniza_con,681e3c0d5571c3cd6e0f0a86
681e3c0d5571c3cd6e0f0864,sincroniza_con,681e3c0d5571c3cd6e0f05ad
681e3c0d5571c3cd6e0f086a,sincroniza_con,681e3c0d5571c3cd6e0f07c1
681e3c0d5571c3cd6e0f086d,sincroniza_con,681e3c0d5571c3cd6e0f060d
681e3c0d5571c3cd6e0f086f,sincroniza_con,681e3c0c5571c3cd6e0f0153
681e3c0d5571c3cd6e0f086f,sincroniza_con,681e3c0d5571c3cd6e0f0a80
681e3c0d5571c3cd6e0f08b7,sincroniza_con,681e3c0d5571c3cd6e0f0be1
681e3c0d5571c3cd6e0f08b9,sincroniza_con,681e3c0d5571c3cd6e0f071d
681e3c0d5571c3cd6e0f08bf,sincroniza_con,681e3c0d5571c3cd6e0f0417
681e3c0d5571c3cd6e0f08c2,sincroniza_con,681e3c0d5571c3cd6e0f045b
681e3c0d5571c3cd6e0f08c2,sincroniza_con,681e3c0d5571c3cd6e0f0b9b
681e3c0d5571c3cd6e0f08c8,sincroniza_con,681e3c0c5571c3cd6e0f032d
681e3c0d5571c3cd6e0f08c8,sincroniza_con,681e3c0d5571c3cd6e0f054a
681e3c0d5571c3cd6e0f08f6,sincroniza_con,681e3c0d5571c3cd6e0f05a6
681e3c0d5571c3cd6e0f08fc,sincroniza_con,681e3c0c5571c3cd6e0f0225
681e3c0d5571c3cd6e0f08fc,sincroniza_con,681e3c0d5571c3cd6e0f0415
681e3c0d5571c3cd6e0f0960,sincroniza_con,681e3c0c5571c3cd6e0f03bd
681e3c0d5571c3cd6e0f0963,sincroniza_con,681e3c0c5571c3cd6e0f01a2
681e3c0d5571c3cd6e0f09a1,sincroniza_con,681e3c0d5571c3cd6e0f060d
681e3c0d5571c3cd6e0f09a1,sincroniza_con,681e3c0c5571c3cd6e0f02bf
681e3c0d5571c3cd6e0f09a1,sincroniza_con,681e3c0d5571c3cd6e0f05a4
681e3c0d5571c3cd6e0f09a7,sincroniza_con,681e3c0c5571c3cd6e0f032a
681e3c0d5571c3cd6e0f09ab,sincroniza_con,681e3c0d5571c3cd6e0f05ab
681e3c0d5571c3cd6e0f09ab,sincroniza_con,681e3c0c5571c3cd6e0f01d8
681e3c0d5571c3cd6e0f09ab,sincroniza_con,681e3c0d5571c3cd6e0f0c3c
681e3c0d5571c3cd6e0f09b1,sincroniza_con,681e3c0c5571c3cd6e0f032a
681e3c0d5571c3cd6e0f09b1,sincroniza_con,681e3c0d5571c3cd6e0f071b
681e3c0d5571c3cd6e0f09b3,sincroniza_con,681e3c0c5571c3cd6e0f0158
681e3c0d5571c3cd6e0f09b3,sincroniza_con,681e3c0c5571c3cd6e0f02bf
681e3c0d5571c3cd6e0f09b3,sincroniza_con,681e3c0d5571c3cd6e0f0a3c
681e3c0d5571c3cd6e0f09d7,sincroniza_con,681e3c0d5571c3cd6e0f05a6
681e3c0d5571c3cd6e0f09d7,sincroniza_con,681e3c0d5571c3cd6e0f0ac7
681e3c0d5571c3cd6e0f09d7,sincroniza_con,681e3c0d5571c3cd6e0f0651
681e3c0d5571c3cd6e0f09da,sincroniza_con,681e3c0d5571c3cd6e0f054c
681e3c0d5571c3cd6e0f09da,sincroniza_con,681e3c0d5571c3cd6e0f08fc
681e3c0d5571c3cd6e0f09da,sincroniza_con,681e3c0d5571c3cd6e0f0545
681e3c0d5571c3cd6e0f09dd,sincroniza_con,681e3c0c5571c3cd6e0f01a2
681e3c0d5571c3cd6e0f09dd,sincroniza_con,681e3c0d5571c3cd6e0f060d
681e3c0d5571c3cd6e0f09dd,sincroniza_con,681e3c0c5571c3cd6e0f0225
681e3c0d5571c3cd6e0f09e3,sincroniza_con,681e3c0d5571c3cd6e0f0a80
681e3c0d5571c3cd6e0f09e3,sincroniza_con,681e3c0c5571c3cd6e0f03bf
681e3c0d5571c3cd6e0f09e3,sincroniza_con,681e3c0d5571c3cd6e0f0763
681e3c0d5571c3cd6e0f0a3c,sincroniza_con,681e3c0d5571c3cd6e0f09d7
681e3c0d5571c3cd6e0f0a80,sincroniza_con,681e3c0d5571c3cd6e0f07c4
681e3c0d5571c3cd6e0f0a80,sincroniza_con,681e3c0c5571c3cd6e0f018f
681e3c0d5571c3cd6e0f0a80,sincroniza_con,681e3c0d5571c3cd6e0f071d
681e3c0d5571c3cd6e0f0a86,sincroniza_con,681e3c0c5571c3cd6e0f032a
681e3c0d5571c3cd6e0f0a86,sincroniza_con,681e3c0d5571c3cd6e0f0c3c
681e3c0d5571c3cd6e0f0a86,sincroniza_con,681e3c0d5571c3cd6e0f0963
681e3c0d5571c3cd6e0f0a88,sincroniza_con,681e3c0d5571c3cd6e0f0b5f
681e3c0d5571c3cd6e0f0a88,sincroniza_con,681e3c0d5571c3cd6e0f0ba7
681e3c0d5571c3cd6e0f0a88,sincroniza_con,681e3c0d5571c3cd6e0f05a4
681e3c0d5571c3cd6e0f0ac2,sincroniza_con,681e3c0d5571c3cd6e0f0813
681e3c0d5571c3cd6e0f0ac5,sincroniza_con,681e3c0d5571c3cd6e0f0c36
681e3c0d5571c3cd6e0f0ac7,sincroniza_con,681e3c0c5571c3cd6e0f037b
681e3c0d5571c3cd6e0f0ac7,sincroniza_con,681e3c0d5571c3cd6e0f0960
681e3c0d5571c3cd6e0f0ac7,sincroniza_con,681e3c0d5571c3cd6e0f071b
681e3c0d5571c3cd6e0f0acc,sincroniza_con,681e3c0c5571c3cd6e0f0194
681e3c0d5571c3cd6e0f0b14,sincroniza_con,681e3c0d5571c3cd6e0f054c
681e3c0d5571c3cd6e0f0b14,sincroniza_con,681e3c0d5571c3cd6e0f0b5f
681e3c0d5571c3cd6e0f0b14,sincroniza_con,681e3c0d5571c3cd6e0f0c3c
681e3c0d5571c3cd6e0f0b16,sincroniza_con,681e3c0d5571c3cd6e0f0b59
681e3c0d5571c3cd6e0f0b19,sincroniza_con,681e3c0d5571c3cd6e0f05a4
681e3c0d5571c3cd6e0f0b19,sincroniza_con,681e3c0d5571c3cd6e0f09b3
681e3c0d5571c3cd6e0f0b19,sincroniza_con,681e3c0c5571c3cd6e0f015d
681e3c0d5571c3cd6e0f0b1e,sincroniza_con,681e3c0d5571c3cd6e0f08fc
681e3c0d5571c3cd6e0f0b1e,sincroniza_con,681e3c0c5571c3cd6e0f037e
681e3c0d5571c3cd6e0f0b24,sincroniza_con,681e3c0d5571c3cd6e0f06bf
681e3c0d5571c3cd6e0f0b24,sincroniza_con,681e3c0d5571c3cd6e0f075d
681e3c0d5571c3cd6e0f0b24,sincroniza_con,681e3c0d5571c3cd6e0f08c2
681e3c0d5571c3cd6e0f0b59,sincroniza_con,681e3c0d5571c3cd6e0f06c4
681e3c0d5571c3cd6e0f0b59,sincroniza_con,681e3c0d5571c3cd6e0f0ba7
681e3c0d5571c3cd6e0f0b5f,sincroniza_con,681e3c0c5571c3cd6e0f03c5
681e3c0d5571c3cd6e0f0b9b,sincroniza_con,681e3c0c5571c3cd6e0f0324
681e3c0d5571c3cd6e0f0b9b,sincroniza_con,681e3c0d5571c3cd6e0f086a
681e3c0d5571c3cd6e0f0b9b,sincroniza_con,681e3c0d5571c3cd6e0f0ac2
681e3c0d5571c3cd6e0f0ba1,sincroniza_con,681e3c0d5571c3cd6e0f060a
681e3c0d5571c3cd6e0f0ba1,sincroniza_con,681e3c0c5571c3cd6e0f0328
681e3c0d5571c3cd6e0f0ba1,sincroniza_con,681e3c0d5571c3cd6e0f07c4
681e3c0d5571c3cd6e0f0ba7,sincroniza_con,681e3c0c5571c3cd6e0f0225
681e3c0d5571c3cd6e0f0ba7,sincroniza_con,681e3c0d5571c3cd6e0f059c
681e3c0d5571c3cd6e0f0ba7,sincroniza_con,681e3c0d5571c3cd6e0f0b24
681e3c0d5571c3cd6e0f0bab,sincroniza_con,681e3c0d5571c3cd6e0f0c42
681e3c0d5571c3cd6e0f0bab,sincroniza_con,681e3c0c5571c3cd6e0f0194
681e3c0d5571c3cd6e0f0bdd,sincroniza_con,681e3c0c5571c3cd6e0f037e
681e3c0d5571c3cd6e0f0bdd,sincroniza_con,681e3c0d5571c3cd6e0f080e
681e3c0d5571c3cd6e0f0bdd,sincroniza_con,681e3c0d5571c3cd6e0f07c6
681e3c0d5571c3cd6e0f0be1,sincroniza_con,681e3c0d5571c3cd6e0f0ba7
681e3c0d5571c3cd6e0f0be1,sincroniza_con,681e3c0d5571c3cd6e0f086a
681e3c0d5571c3cd6e0f0c36,sincroniza_con,681e3c0d5571c3cd6e0f059c
681e3c0d5571c3cd6e0f0c36,sincroniza_con,681e3c0c5571c3cd6e0f0158
681e3c0d5571c3cd6e0f0c36,sincroniza_con,681e3c0d5571c3cd6e0f0ac2
681e3c0d5571c3cd6e0f0c3c,sincroniza_con,681e3c0c5571c3cd6e0f01a2
681e3c0d5571c3cd6e0f0c3c,sincroniza_con,681e3c0d5571c3cd6e0f054a
681e3c0d5571c3cd6e0f0c3c,sincroniza_con,681e3c0d5571c3cd6e0f0ac7
681e3c0d5571c3cd6e0f0c3e,sincroniza_con,681e3c0d5571c3cd6e0f0460
681e3c0d5571c3cd6e0f0c42,sincroniza_con,681e3c0d5571c3cd6e0f0651
681e3c0c5571c3cd6e0f0162,sincroniza_con,681e3c0d5571c3cd6e0f05bb
681e3c0c5571c3cd6e0f0165,sincroniza_con,681e3c0d5571c3cd6e0f0666
681e3c0c5571c3cd6e0f01ae,sincroniza_con,681e3c0d5571c3cd6e0f055f
681e3c0c5571c3cd6e0f01ae,sincroniza_con,681e3c0d5571c3cd6e0f05b6
681e3c0c5571c3cd6e0f01b1,sincroniza_con,681e3c0d5571c3cd6e0f096a
681e3c0c5571c3cd6e0f01dd,sincroniza_con,681e3c0d5571c3cd6e0f09eb
681e3c0c5571c3cd6e0f0230,sincroniza_con,681e3c0c5571c3cd6e0f0284
681e3c0c5571c3cd6e0f0230,sincroniza_con,681e3c0d5571c3cd6e0f0427
681e3c0c5571c3cd6e0f0230,sincroniza_con,681e3c0d5571c3cd6e0f08d0
681e3c0c5571c3cd6e0f0232,sincroniza_con,681e3c0c5571c3cd6e0f03d5
681e3c0c5571c3cd6e0f0232,sincroniza_con,681e3c0d5571c3cd6e0f0bf4
681e3c0c5571c3cd6e0f0284,sincroniza_con,681e3c0d5571c3cd6e0f0b69
681e3c0c5571c3cd6e0f0284,sincroniza_con,681e3c0d5571c3cd6e0f06cb
681e3c0c5571c3cd6e0f028a,sincroniza_con,681e3c0d5571c3cd6e0f0721
681e3c0c5571c3cd6e0f02d4,sincroniza_con,681e3c0d5571c3cd6e0f0a48
681e3c0c5571c3cd6e0f02d4,sincroniza_con,681e3c0d5571c3cd6e0f08d6
681e3c0c5571c3cd6e0f0337,sincroniza_con,681e3c0d5571c3cd6e0f0c4a
681e3c0c5571c3cd6e0f0337,sincroniza_con,681e3c0d5571c3cd6e0f0621
681e3c0c5571c3cd6e0f0383,sincroniza_con,681e3c0d5571c3cd6e0f04ab
681e3c0c5571c3cd6e0f0383,sincroniza_con,681e3c0d5571c3cd6e0f081c
681e3c0c5571c3cd6e0f0383,sincroniza_con,681e3c0c5571c3cd6e0f0337
681e3c0c5571c3cd6e0f03d2,sincroniza_con,681e3c0c5571c3cd6e0f01b1
681e3c0c5571c3cd6e0f03d2,sincroniza_con,681e3c0c5571c3cd6e0f0232
681e3c0c5571c3cd6e0f03d2,sincroniza_con,681e3c0c5571c3cd6e0f01dd
681e3c0c5571c3cd6e0f03d5,sincroniza_con,681e3c0d5571c3cd6e0f07cf
681e3c0d5571c3cd6e0f0424,sincroniza_con,681e3c0c5571c3cd6e0f0162
681e3c0d5571c3cd6e0f0424,sincroniza_con,681e3c0c5571c3cd6e0f03d2
681e3c0d5571c3cd6e0f0427,sincroniza_con,681e3c0c5571c3cd6e0f028a
681e3c0d5571c3cd6e0f046c,sincroniza_con,681e3c0d5571c3cd6e0f0770
681e3c0d5571c3cd6e0f046e,sincroniza_con,681e3c0d5571c3cd6e0f0a8a
681e3c0d5571c3cd6e0f046e,sincroniza_con,681e3c0c5571c3cd6e0f01ae
681e3c0d5571c3cd6e0f04ab,sincroniza_con,681e3c0c5571c3cd6e0f01ae
681e3c0d5571c3cd6e0f04ab,sincroniza_con,681e3c0d5571c3cd6e0f0a8a
681e3c0d5571c3cd6e0f04ee,sincroniza_con,681e3c0d5571c3cd6e0f0b6d
681e3c0d5571c3cd6e0f04f3,sincroniza_con,681e3c0c5571c3cd6e0f0165
681e3c0d5571c3cd6e0f04f3,sincroniza_con,681e3c0c5571c3cd6e0f0337
681e3c0d5571c3cd6e0f055f,sincroniza_con,681e3c0d5571c3cd6e0f09b5
681e3c0d5571c3cd6e0f05b6,sincroniza_con,681e3c0c5571c3cd6e0f0165
681e3c0d5571c3cd6e0f05b6,sincroniza_con,681e3c0d5571c3cd6e0f081c
681e3c0d5571c3cd6e0f05bb,sincroniza_con,681e3c0d5571c3cd6e0f0427
681e3c0d5571c3cd6e0f061b,sincroniza_con,681e3c0d5571c3cd6e0f06cb
681e3c0d5571c3cd6e0f061b,sincroniza_con,681e3c0d5571c3cd6e0f0c48
681e3c0d5571c3cd6e0f061b,sincroniza_con,681e3c0d5571c3cd6e0f07cf
681e3c0d5571c3cd6e0f0621,sincroniza_con,681e3c0d5571c3cd6e0f055f
681e3c0d5571c3cd6e0f0621,sincroniza_con,681e3c0d5571c3cd6e0f096a
681e3c0d5571c3cd6e0f0621,sincroniza_con,681e3c0d5571c3cd6e0f0bad
681e3c0d5571c3cd6e0f0666,sincroniza_con,681e3c0d5571c3cd6e0f06cb
681e3c0d5571c3cd6e0f0666,sincroniza_con,681e3c0d5571c3cd6e0f046e
681e3c0d5571c3cd6e0f0666,sincroniza_con,681e3c0d5571c3cd6e0f0424
681e3c0d5571c3cd6e0f06cb,sincroniza_con,681e3c0d5571c3cd6e0f0905
681e3c0d5571c3cd6e0f06cb,sincroniza_con,681e3c0d5571c3cd6e0f0c48
681e3c0d5571c3cd6e0f06cb,sincroniza_con,681e3c0c5571c3cd6e0f01dd
681e3c0d5571c3cd6e0f06cd,sincroniza_con,681e3c0d5571c3cd6e0f07cd
681e3c0d5571c3cd6e0f0721,sincroniza_con,681e3c0d5571c3cd6e0f0b30
681e3c0d5571c3cd6e0f0721,sincroniza_con,681e3c0d5571c3cd6e0f0a8a
681e3c0d5571c3cd6e0f0770,sincroniza_con,681e3c0d5571c3cd6e0f081c
681e3c0d5571c3cd6e0f0770,sincroniza_con,681e3c0d5571c3cd6e0f0424
681e3c0d5571c3cd6e0f0774,sincroniza_con,681e3c0d5571c3cd6e0f0721
681e3c0d5571c3cd6e0f0774,sincroniza_con,681e3c0c5571c3cd6e0f0162
681e3c0d5571c3cd6e0f0774,sincroniza_con,681e3c0d5571c3cd6e0f0bf4
681e3c0d5571c3cd6e0f07cd,sincroniza_con,681e3c0d5571c3cd6e0f09b5
681e3c0d5571c3cd6e0f07cd,sincroniza_con,681e3c0d5571c3cd6e0f04f3
681e3c0d5571c3cd6e0f07cd,sincroniza_con,681e3c0d5571c3cd6e0f06cd
681e3c0d5571c3cd6e0f07cf,sincroniza_con,681e3c0d5571c3cd6e0f061b
681e3c0d5571c3cd6e0f07cf,sincroniza_con,681e3c0d5571c3cd6e0f096a
681e3c0d5571c3cd6e0f081c,sincroniza_con,681e3c0c5571c3cd6e0f028a
681e3c0d5571c3cd6e0f081c,sincroniza_con,681e3c0d5571c3cd6e0f061b
681e3c0d5571c3cd6e0f0877,sincroniza_con,681e3c0c5571c3cd6e0f0383
681e3c0d5571c3cd6e0f0877,sincroniza_con,681e3c0d5571c3cd6e0f0b6d
681e3c0d5571c3cd6e0f087a,sincroniza_con,681e3c0c5571c3cd6e0f03d5
681e3c0d5571c3cd6e0f087a,sincroniza_con,681e3c0d5571c3cd6e0f0c4a
681e3c0d5571c3cd6e0f08d0,sincroniza_con,681e3c0d5571c3cd6e0f0721
681e3c0d5571c3cd6e0f08d0,sincroniza_con,681e3c0d5571c3cd6e0f0a44
681e3c0d5571c3cd6e0f08d6,sincroniza_con,681e3c0d5571c3cd6e0f06cd
681e3c0d5571c3cd6e0f0905,sincroniza_con,681e3c0d5571c3cd6e0f04ab
681e3c0d5571c3cd6e0f096a,sincroniza_con,681e3c0d5571c3cd6e0f09eb
681e3c0d5571c3cd6e0f096a,sincroniza_con,681e3c0c5571c3cd6e0f0162
681e3c0d5571c3cd6e0f09b5,sincroniza_con,681e3c0d5571c3cd6e0f07cd
681e3c0d5571c3cd6e0f09eb,sincroniza_con,681e3c0d5571c3cd6e0f0adc
681e3c0d5571c3cd6e0f0a44,sincroniza_con,681e3c0d5571c3cd6e0f08d0
681e3c0d5571c3cd6e0f0a44,sincroniza_con,681e3c0d5571c3cd6e0f0905
681e3c0d5571c3cd6e0f0a44,sincroniza_con,681e3c0c5571c3cd6e0f0165
681e3c0d5571c3cd6e0f0a48,sincroniza_con,681e3c0c5571c3cd6e0f0284
681e3c0d5571c3cd6e0f0a48,sincroniza_con,681e3c0d5571c3cd6e0f0ad9
681e3c0d5571c3cd6e0f0a48,sincroniza_con,681e3c0d5571c3cd6e0f0621
681e3c0d5571c3cd6e0f0a8a,sincroniza_con,681e3c0d5571c3cd6e0f05b6
681e3c0d5571c3cd6e0f0a8a,sincroniza_con,681e3c0d5571c3cd6e0f0666
681e3c0d5571c3cd6e0f0a8a,sincroniza_con,681e3c0d5571c3cd6e0f04ee
681e3c0d5571c3cd6e0f0ad9,sincroniza_con,681e3c0d5571c3cd6e0f0905
681e3c0d5571c3cd6e0f0ad9,sincroniza_con,681e3c0c5571c3cd6e0f0383
681e3c0d5571c3cd6e0f0ad9,sincroniza_con,681e3c0d5571c3cd6e0f0bad
681e3c0d5571c3cd6e0f0adc,sincroniza_con,681e3c0d5571c3cd6e0f04f3
681e3c0d5571c3cd6e0f0adc,sincroniza_con,681e3c0d5571c3cd6e0f0905
681e3c0d5571c3cd6e0f0adc,sincroniza_con,681e3c0d5571c3cd6e0f046e
681e3c0d5571c3cd6e0f0b30,sincroniza_con,681e3c0c5571c3cd6e0f01ae
681e3c0d5571c3cd6e0f0b30,sincroniza_con,681e3c0c5571c3cd6e0f028a
681e3c0d5571c3cd6e0f0b30,sincroniza_con,681e3c0c5571c3cd6e0f0165
681e3c0d5571c3cd6e0f0b35,sincroniza_con,681e3c0d5571c3cd6e0f0adc
681e3c0d5571c3cd6e0f0b35,sincroniza_con,681e3c0d5571c3cd6e0f0721
681e3c0d5571c3cd6e0f0b35,sincroniza_con,681e3c0d5571c3cd6e0f07cf
681e3c0d5571c3cd6e0f0b69,sincroniza_con,681e3c0d5571c3cd6e0f061b
681e3c0d5571c3cd6e0f0b69,sincroniza_con,681e3c0d5571c3cd6e0f0774
681e3c0d5571c3cd6e0f0b69,sincroniza_con,681e3c0d5571c3cd6e0f0770
681e3c0d5571c3cd6e0f0b6d,sincroniza_con,681e3c0d5571c3cd6e0f06cb
681e3c0d5571c3cd6e0f0b6d,sincroniza_con,681e3c0d5571c3cd6e0f0424
681e3c0d5571c3cd6e0f0bad,sincroniza_con,681e3c0d5571c3cd6e0f0adc
681e3c0d5571c3cd6e0f0bad,sincroniza_con,681e3c0c5571c3cd6e0f0284
681e3c0d5571c3cd6e0f0bad,sincroniza_con,681e3c0d5571c3cd6e0f05b6
681e3c0d5571c3cd6e0f0bef,sincroniza_con,681e3c0c5571c3cd6e0f03d5
681e3c0d5571c3cd6e0f0bf4,sincroniza_con,681e3c0c5571c3cd6e0f0383
681e3c0d5571c3cd6e0f0bf4,sincroniza_con,681e3c0d5571c3cd6e0f05bb
681e3c0d5571c3cd6e0f0c48,sincroniza_con,681e3c0d5571c3cd6e0f0427
681e3c0d5571c3cd6e0f0c48,sincroniza_con,681e3c0d5571c3cd6e0f0bad
681e3c0d5571c3cd6e0f0c4a,sincroniza_con,681e3c0d5571c3cd6e0f0a8a
681e3c0d5571c3cd6e0f0c4a,sincroniza_con,681e3c0d5571c3cd6e0f09eb
681e3c0c5571c3cd6e0f016b,sincroniza_con,681e3c0d5571c3cd6e0f04fd
681e3c0c5571c3cd6e0f0171,sincroniza_con,681e3c0d5571c3cd6e0f09f1
681e3c0c5571c3cd6e0f0171,sincroniza_con,681e3c0d5571c3cd6e0f066b
681e3c0c5571c3cd6e0f0171,sincroniza_con,681e3c0d5571c3cd6e0f05bd
681e3c0c5571c3cd6e0f01b5,sincroniza_con,681e3c0d5571c3cd6e0f042d
681e3c0c5571c3cd6e0f01e0,sincroniza_con,681e3c0d5571c3cd6e0f0ae1
681e3c0c5571c3cd6e0f01e0,sincroniza_con,681e3c0c5571c3cd6e0f0385
681e3c0c5571c3cd6e0f01e0,sincroniza_con,681e3c0d5571c3cd6e0f0a4f
681e3c0c5571c3cd6e0f01e3,sincroniza_con,681e3c0d5571c3cd6e0f0568
681e3c0c5571c3cd6e0f01e3,sincroniza_con,681e3c0d5571c3cd6e0f03da
681e3c0c5571c3cd6e0f01e3,sincroniza_con,681e3c0d5571c3cd6e0f0562
681e3c0c5571c3cd6e0f0236,sincroniza_con,681e3c0d5571c3cd6e0f0b75
681e3c0c5571c3cd6e0f0236,sincroniza_con,681e3c0d5571c3cd6e0f0ae1
681e3c0c5571c3cd6e0f0236,sincroniza_con,681e3c0d5571c3cd6e0f0a8c
681e3c0c5571c3cd6e0f023b,sincroniza_con,681e3c0c5571c3cd6e0f02d9
681e3c0c5571c3cd6e0f023b,sincroniza_con,681e3c0d5571c3cd6e0f0a4f
681e3c0c5571c3cd6e0f028e,sincroniza_con,681e3c0d5571c3cd6e0f0727
681e3c0c5571c3cd6e0f028e,sincroniza_con,681e3c0d5571c3cd6e0f0474
681e3c0c5571c3cd6e0f028e,sincroniza_con,681e3c0d5571c3cd6e0f0471
681e3c0c5571c3cd6e0f02d9,sincroniza_con,681e3c0d5571c3cd6e0f0568
681e3c0c5571c3cd6e0f033b,sincroniza_con,681e3c0d5571c3cd6e0f0b71
681e3c0c5571c3cd6e0f033b,sincroniza_con,681e3c0d5571c3cd6e0f042d
681e3c0c5571c3cd6e0f033b,sincroniza_con,681e3c0d5571c3cd6e0f0a8c
681e3c0c5571c3cd6e0f0385,sincroniza_con,681e3c0d5571c3cd6e0f066b
681e3c0c5571c3cd6e0f0387,sincroniza_con,681e3c0d5571c3cd6e0f08db
681e3c0d5571c3cd6e0f03da,sincroniza_con,681e3c0d5571c3cd6e0f0bb6
681e3c0d5571c3cd6e0f03da,sincroniza_con,681e3c0d5571c3cd6e0f07d2
681e3c0d5571c3cd6e0f03da,sincroniza_con,681e3c0d5571c3cd6e0f0725
681e3c0d5571c3cd6e0f042d,sincroniza_con,681e3c0d5571c3cd6e0f0568
681e3c0d5571c3cd6e0f0431,sincroniza_con,681e3c0d5571c3cd6e0f0568
681e3c0d5571c3cd6e0f0471,sincroniza_con,681e3c0d5571c3cd6e0f06d3
681e3c0d5571c3cd6e0f0471,sincroniza_con,681e3c0c5571c3cd6e0f0236
681e3c0d5571c3cd6e0f0474,sincroniza_con,681e3c0d5571c3cd6e0f0a4d
681e3c0d5571c3cd6e0f0474,sincroniza_con,681e3c0c5571c3cd6e0f016b
681e3c0d5571c3cd6e0f0474,sincroniza_con,681e3c0d5571c3cd6e0f04f8
681e3c0d5571c3cd6e0f04b1,sincroniza_con,681e3c0c5571c3cd6e0f023b
681e3c0d5571c3cd6e0f04b1,sincroniza_con,681e3c0d5571c3cd6e0f0a4d
681e3c0d5571c3cd6e0f04f8,sincroniza_con,681e3c0d5571c3cd6e0f0727
681e3c0d5571c3cd6e0f04fd,sincroniza_con,681e3c0d5571c3cd6e0f0b75
681e3c0d5571c3cd6e0f04fd,sincroniza_con,681e3c0c5571c3cd6e0f0236
681e3c0d5571c3cd6e0f04fd,sincroniza_con,681e3c0d5571c3cd6e0f0725
681e3c0d5571c3cd6e0f0562,sincroniza_con,681e3c0d5571c3cd6e0f0725
681e3c0d5571c3cd6e0f0562,sincroniza_con,681e3c0c5571c3cd6e0f0387
681e3c0d5571c3cd6e0f0562,sincroniza_con,681e3c0d5571c3cd6e0f06d3
681e3c0d5571c3cd6e0f0568,sincroniza_con,681e3c0d5571c3cd6e0f0623
681e3c0d5571c3cd6e0f0568,sincroniza_con,681e3c0d5571c3cd6e0f04f8
681e3c0d5571c3cd6e0f05bd,sincroniza_con,681e3c0d5571c3cd6e0f09f1
681e3c0d5571c3cd6e0f0623,sincroniza_con,681e3c0d5571c3cd6e0f0c4e
681e3c0d5571c3cd6e0f0623,sincroniza_con,681e3c0d5571c3cd6e0f07d2
681e3c0d5571c3cd6e0f0626,sincroniza_con,681e3c0d5571c3cd6e0f0976
681e3c0d5571c3cd6e0f0626,sincroniza_con,681e3c0d5571c3cd6e0f0471
681e3c0d5571c3cd6e0f0626,sincroniza_con,681e3c0c5571c3cd6e0f0387
681e3c0d5571c3cd6e0f066b,sincroniza_con,681e3c0c5571c3cd6e0f0236
681e3c0d5571c3cd6e0f066b,sincroniza_con,681e3c0d5571c3cd6e0f0bfa
681e3c0d5571c3cd6e0f066b,sincroniza_con,681e3c0d5571c3cd6e0f0821
681e3c0d5571c3cd6e0f06d3,sincroniza_con,681e3c0d5571c3cd6e0f0431
681e3c0d5571c3cd6e0f0725,sincroniza_con,681e3c0d5571c3cd6e0f05bd
681e3c0d5571c3cd6e0f0725,sincroniza_con,681e3c0d5571c3cd6e0f08db
681e3c0d5571c3cd6e0f0727,sincroniza_con,681e3c0c5571c3cd6e0f01e0
681e3c0d5571c3cd6e0f0727,sincroniza_con,681e3c0d5571c3cd6e0f04f8
681e3c0d5571c3cd6e0f0727,sincroniza_con,681e3c0d5571c3cd6e0f0bfa
681e3c0d5571c3cd6e0f0778,sincroniza_con,681e3c0d5571c3cd6e0f03da
681e3c0d5571c3cd6e0f0778,sincroniza_con,681e3c0d5571c3cd6e0f0c4e
681e3c0d5571c3cd6e0f07d2,sincroniza_con,681e3c0d5571c3cd6e0f0623
681e3c0d5571c3cd6e0f0821,sincroniza_con,681e3c0d5571c3cd6e0f0a4d
681e3c0d5571c3cd6e0f0825,sincroniza_con,681e3c0d5571c3cd6e0f09b8
681e3c0d5571c3cd6e0f0825,sincroniza_con,681e3c0d5571c3cd6e0f0bfa
681e3c0d5571c3cd6e0f087d,sincroniza_con,681e3c0d5571c3cd6e0f0b71
681e3c0d5571c3cd6e0f087d,sincroniza_con,681e3c0c5571c3cd6e0f0385
681e3c0d5571c3cd6e0f08db,sincroniza_con,681e3c0d5571c3cd6e0f090b
681e3c0d5571c3cd6e0f090b,sincroniza_con,681e3c0d5571c3cd6e0f0623
681e3c0d5571c3cd6e0f090b,sincroniza_con,681e3c0d5571c3cd6e0f0a8c
681e3c0d5571c3cd6e0f090b,sincroniza_con,681e3c0d5571c3cd6e0f0431
681e3c0d5571c3cd6e0f0970,sincroniza_con,681e3c0c5571c3cd6e0f023b
681e3c0d5571c3cd6e0f0970,sincroniza_con,681e3c0d5571c3cd6e0f0825
681e3c0d5571c3cd6e0f0976,sincroniza_con,681e3c0d5571c3cd6e0f0b38
681e3c0d5571c3cd6e0f09b8,sincroniza_con,681e3c0d5571c3cd6e0f0ae3
681e3c0d5571c3cd6e0f09b8,sincroniza_con,681e3c0d5571c3cd6e0f0821
681e3c0d5571c3cd6e0f09f1,sincroniza_con,681e3c0d5571c3cd6e0f0727
681e3c0d5571c3cd6e0f09f1,sincroniza_con,681e3c0d5571c3cd6e0f090b
681e3c0d5571c3cd6e0f09f1,sincroniza_con,681e3c0c5571c3cd6e0f01e0
681e3c0d5571c3cd6e0f09f3,sincroniza_con,681e3c0d5571c3cd6e0f0474
681e3c0d5571c3cd6e0f0a4d,sincroniza_con,681e3c0c5571c3cd6e0f016b
681e3c0d5571c3cd6e0f0a4f,sincroniza_con,681e3c0d5571c3cd6e0f0431
681e3c0d5571c3cd6e0f0a4f,sincroniza_con,681e3c0d5571c3cd6e0f05bd
681e3c0d5571c3cd6e0f0a8c,sincroniza_con,681e3c0c5571c3cd6e0f028e
681e3c0d5571c3cd6e0f0ae1,sincroniza_con,681e3c0c5571c3cd6e0f01b5
681e3c0d5571c3cd6e0f0ae3,sincroniza_con,681e3c0d5571c3cd6e0f087d
681e3c0d5571c3cd6e0f0ae3,sincroniza_con,681e3c0d5571c3cd6e0f05bd
681e3c0d5571c3cd6e0f0b38,sincroniza_con,681e3c0d5571c3cd6e0f0a4d
681e3c0d5571c3cd6e0f0b38,sincroniza_con,681e3c0d5571c3cd6e0f0ae1
681e3c0d5571c3cd6e0f0b38,sincroniza_con,681e3c0d5571c3cd6e0f042d
681e3c0d5571c3cd6e0f0b71,sincroniza_con,681e3c0d5571c3cd6e0f0471
681e3c0d5571c3cd6e0f0b71,sincroniza_con,681e3c0d5571c3cd6e0f066b
681e3c0d5571c3cd6e0f0b75,sincroniza_con,681e3c0d5571c3cd6e0f0c4e
681e3c0d5571c3cd6e0f0bb2,sincroniza_con,681e3c0c5571c3cd6e0f0387
681e3c0d5571c3cd6e0f0bb2,sincroniza_con,681e3c0d5571c3cd6e0f04fd
681e3c0d5571c3cd6e0f0bb2,sincroniza_con,681e3c0d5571c3cd6e0f0568
681e3c0d5571c3cd6e0f0bb6,sincroniza_con,681e3c0d5571c3cd6e0f0b71
681e3c0d5571c3cd6e0f0bb6,sincroniza_con,681e3c0c5571c3cd6e0f023b
681e3c0d5571c3cd6e0f0bb6,sincroniza_con,681e3c0c5571c3cd6e0f0387
681e3c0d5571c3cd6e0f0bfa,sincroniza_con,681e3c0d5571c3cd6e0f0727
681e3c0d5571c3cd6e0f0bfa,sincroniza_con,681e3c0d5571c3cd6e0f06d3
681e3c0d5571c3cd6e0f0c4e,sincroniza_con,681e3c0c5571c3cd6e0f02d9
681e3c0d5571c3cd6e0f0c50,sincroniza_con,681e3c0c5571c3cd6e0f0387
681e3c0d5571c3cd6e0f0c50,sincroniza_con,681e3c0d5571c3cd6e0f0ae1
681e3c0d5571c3cd6e0f0c50,sincroniza_con,681e3c0d5571c3cd6e0f0b38
681e3c0c5571c3cd6e0f01ab,sincroniza_con,681e3c0d5571c3cd6e0f0421
681e3c0c5571c3cd6e0f0227,sincroniza_con,681e3c0d5571c3cd6e0f0a42
681e3c0c5571c3cd6e0f0227,sincroniza_con,681e3c0d5571c3cd6e0f0b64
681e3c0c5571c3cd6e0f022a,sincroniza_con,681e3c0d5571c3cd6e0f05af
681e3c0c5571c3cd6e0f022a,sincroniza_con,681e3c0d5571c3cd6e0f08cb
681e3c0c5571c3cd6e0f022a,sincroniza_con,681e3c0d5571c3cd6e0f065a
681e3c0c5571c3cd6e0f0280,sincroniza_con,681e3c0d5571c3cd6e0f0b64
681e3c0c5571c3cd6e0f0280,sincroniza_con,681e3c0d5571c3cd6e0f0875
681e3c0c5571c3cd6e0f0280,sincroniza_con,681e3c0d5571c3cd6e0f0902
681e3c0c5571c3cd6e0f02cc,sincroniza_con,681e3c0d5571c3cd6e0f041c
681e3c0c5571c3cd6e0f02cc,sincroniza_con,681e3c0d5571c3cd6e0f0613
681e3c0c5571c3cd6e0f02d1,sincroniza_con,681e3c0d5571c3cd6e0f0a42
681e3c0c5571c3cd6e0f02d1,sincroniza_con,681e3c0d5571c3cd6e0f0902
681e3c0c5571c3cd6e0f032f,sincroniza_con,681e3c0d5571c3cd6e0f0ad2
681e3c0c5571c3cd6e0f032f,sincroniza_con,681e3c0d5571c3cd6e0f049f
681e3c0c5571c3cd6e0f032f,sincroniza_con,681e3c0c5571c3cd6e0f02cc
681e3c0c5571c3cd6e0f0335,sincroniza_con,681e3c0c5571c3cd6e0f022a
681e3c0c5571c3cd6e0f0335,sincroniza_con,681e3c0d5571c3cd6e0f0be9
681e3c0c5571c3cd6e0f03c8,sincroniza_con,681e3c0d5571c3cd6e0f0613
681e3c0c5571c3cd6e0f03c8,sincroniza_con,681e3c0d5571c3cd6e0f0558
681e3c0c5571c3cd6e0f03c8,sincroniza_con,681e3c0d5571c3cd6e0f0a40
681e3c0c5571c3cd6e0f03cc,sincroniza_con,681e3c0d5571c3cd6e0f05af
681e3c0c5571c3cd6e0f03cc,sincroniza_con,681e3c0d5571c3cd6e0f0558
681e3c0d5571c3cd6e0f041c,sincroniza_con,681e3c0c5571c3cd6e0f0227
681e3c0d5571c3cd6e0f0421,sincroniza_con,681e3c0d5571c3cd6e0f0466
681e3c0d5571c3cd6e0f0421,sincroniza_con,681e3c0d5571c3cd6e0f0965
681e3c0d5571c3cd6e0f0466,sincroniza_con,681e3c0d5571c3cd6e0f0817
681e3c0d5571c3cd6e0f0466,sincroniza_con,681e3c0d5571c3cd6e0f06c7
681e3c0d5571c3cd6e0f049f,sincroniza_con,681e3c0c5571c3cd6e0f01ab
681e3c0d5571c3cd6e0f049f,sincroniza_con,681e3c0d5571c3cd6e0f0a40
681e3c0d5571c3cd6e0f04a5,sincroniza_con,681e3c0d5571c3cd6e0f09e9
681e3c0d5571c3cd6e0f04ec,sincroniza_con,681e3c0d5571c3cd6e0f065a
681e3c0d5571c3cd6e0f0558,sincroniza_con,681e3c0d5571c3cd6e0f06c7
681e3c0d5571c3cd6e0f055c,sincroniza_con,681e3c0c5571c3cd6e0f0335
681e3c0d5571c3cd6e0f055c,sincroniza_con,681e3c0d5571c3cd6e0f05af
681e3c0d5571c3cd6e0f055c,sincroniza_con,681e3c0c5571c3cd6e0f0280
681e3c0d5571c3cd6e0f05af,sincroniza_con,681e3c0d5571c3cd6e0f0875
681e3c0d5571c3cd6e0f05b3,sincroniza_con,681e3c0c5571c3cd6e0f02cc
681e3c0d5571c3cd6e0f05b3,sincroniza_con,681e3c0d5571c3cd6e0f0a42
681e3c0d5571c3cd6e0f05b3,sincroniza_con,681e3c0c5571c3cd6e0f0227
681e3c0d5571c3cd6e0f0613,sincroniza_con,681e3c0d5571c3cd6e0f0965
681e3c0d5571c3cd6e0f0613,sincroniza_con,681e3c0d5571c3cd6e0f0765
681e3c0d5571c3cd6e0f0613,sincroniza_con,681e3c0d5571c3cd6e0f04a5
681e3c0d5571c3cd6e0f0619,sincroniza_con,681e3c0d5571c3cd6e0f0466
681e3c0d5571c3cd6e0f065a,sincroniza_con,681e3c0c5571c3cd6e0f0335
681e3c0d5571c3cd6e0f0660,sincroniza_con,681e3c0d5571c3cd6e0f0a40
681e3c0d5571c3cd6e0f06c7,sincroniza_con,681e3c0d5571c3cd6e0f0619
681e3c0d5571c3cd6e0f06c7,sincroniza_con,681e3c0d5571c3cd6e0f049f
681e3c0d5571c3cd6e0f0765,sincroniza_con,681e3c0c5571c3cd6e0f02cc
681e3c0d5571c3cd6e0f0765,sincroniza_con,681e3c0d5571c3cd6e0f08cb
681e3c0d5571c3cd6e0f076a,sincroniza_con,681e3c0d5571c3cd6e0f0817
681e3c0d5571c3cd6e0f07ca,sincroniza_con,681e3c0d5571c3cd6e0f0ad2
681e3c0d5571c3cd6e0f07ca,sincroniza_con,681e3c0d5571c3cd6e0f0be9
681e3c0d5571c3cd6e0f0817,sincroniza_con,681e3c0c5571c3cd6e0f0280
681e3c0d5571c3cd6e0f0817,sincroniza_con,681e3c0d5571c3cd6e0f076a
681e3c0d5571c3cd6e0f0875,sincroniza_con,681e3c0d5571c3cd6e0f04ec
681e3c0d5571c3cd6e0f0875,sincroniza_con,681e3c0d5571c3cd6e0f0ad4
681e3c0d5571c3cd6e0f08cb,sincroniza_con,681e3c0d5571c3cd6e0f0965
681e3c0d5571c3cd6e0f08cb,sincroniza_con,681e3c0c5571c3cd6e0f03c8
681e3c0d5571c3cd6e0f08cb,sincroniza_con,681e3c0d5571c3cd6e0f055c
681e3c0d5571c3cd6e0f08ff,sincroniza_con,681e3c0d5571c3cd6e0f0466
681e3c0d5571c3cd6e0f08ff,sincroniza_con,681e3c0d5571c3cd6e0f0b2c
681e3c0d5571c3cd6e0f0902,sincroniza_con,681e3c0d5571c3cd6e0f04ec
681e3c0d5571c3cd6e0f0902,sincroniza_con,681e3c0d5571c3cd6e0f0466
681e3c0d5571c3cd6e0f0965,sincroniza_con,681e3c0d5571c3cd6e0f065a
681e3c0d5571c3cd6e0f0965,sincroniza_con,681e3c0d5571c3cd6e0f05b3
681e3c0d5571c3cd6e0f09e9,sincroniza_con,681e3c0d5571c3cd6e0f065a
681e3c0d5571c3cd6e0f09e9,sincroniza_con,681e3c0d5571c3cd6e0f0875
681e3c0d5571c3cd6e0f09e9,sincroniza_con,681e3c0d5571c3cd6e0f04ec
681e3c0d5571c3cd6e0f0a40,sincroniza_con,681e3c0d5571c3cd6e0f076a
681e3c0d5571c3cd6e0f0a40,sincroniza_con,681e3c0c5571c3cd6e0f02cc
681e3c0d5571c3cd6e0f0a40,sincroniza_con,681e3c0d5571c3cd6e0f0be6
681e3c0d5571c3cd6e0f0a42,sincroniza_con,681e3c0d5571c3cd6e0f0558
681e3c0d5571c3cd6e0f0a42,sincroniza_con,681e3c0d5571c3cd6e0f05af
681e3c0d5571c3cd6e0f0a42,sincroniza_con,681e3c0d5571c3cd6e0f06c7
681e3c0d5571c3cd6e0f0ad2,sincroniza_con,681e3c0d5571c3cd6e0f0875
681e3c0d5571c3cd6e0f0ad4,sincroniza_con,681e3c0d5571c3cd6e0f05af
681e3c0d5571c3cd6e0f0ad4,sincroniza_con,681e3c0d5571c3cd6e0f0613
681e3c0d5571c3cd6e0f0ad4,sincroniza_con,681e3c0d5571c3cd6e0f041c
681e3c0d5571c3cd6e0f0b26,sincroniza_con,681e3c0d5571c3cd6e0f055c
681e3c0d5571c3cd6e0f0b26,sincroniza_con,681e3c0d5571c3cd6e0f04ec
681e3c0d5571c3cd6e0f0b2c,sincroniza_con,681e3c0d5571c3cd6e0f0a42
681e3c0d5571c3cd6e0f0b2c,sincroniza_con,681e3c0c5571c3cd6e0f01ab
681e3c0d5571c3cd6e0f0b64,sincroniza_con,681e3c0d5571c3cd6e0f09e9
681e3c0d5571c3cd6e0f0be6,sincroniza_con,681e3c0c5571c3cd6e0f03cc
681e3c0d5571c3cd6e0f0be6,sincroniza_con,681e3c0d5571c3cd6e0f065a
681e3c0d5571c3cd6e0f0be9,sincroniza_con,681e3c0d5571c3cd6e0f049f
